city,year,month,station,溫度
彰化縣,2009,1,二林,15.83
新北市,2009,1,三重,16.35
苗栗縣,2009,1,三義,12.09
新北市,2009,1,土城,15.61
臺北市,2009,1,士林,15.72
臺中市,2009,1,大里,15.22
桃園市,2009,1,大園,15.86
高雄市,2009,1,大寮,18.47
高雄市,2009,1,小港,19.28
臺北市,2009,1,中山,15.18
桃園市,2009,1,中壢,14.46
高雄市,2009,1,仁武,18.09
雲林縣,2009,1,斗六,16.29
宜蘭縣,2009,1,冬山,16.08
臺北市,2009,1,古亭,16.73
高雄市,2009,1,左營,17.68
桃園市,2009,1,平鎮,15.74
新北市,2009,1,永和,15.72
臺南市,2009,1,安南,17.15
嘉義縣,2009,1,朴子,16.22
新北市,2009,1,汐止,16.23
南投縣,2009,1,竹山,15.43
新竹縣,2009,1,竹東,14.66
臺中市,2009,1,西屯,15.39
臺中市,2009,1,沙鹿,14.99
宜蘭縣,2009,1,宜蘭,18.24
臺中市,2009,1,忠明,15.24
新北市,2009,1,林口,13.1
高雄市,2009,1,林園,19.12
新北市,2009,1,板橋,15.78
臺北市,2009,1,松山,15.79
花蓮縣,2009,1,花蓮,18.28
高雄市,2009,1,前金,18.32
高雄市,2009,1,前鎮,18.85
南投縣,2009,1,南投,15.52
屏東縣,2009,1,屏東,18.81
屏東縣,2009,1,恆春,19.92
高雄市,2009,1,美濃,18.45
苗栗縣,2009,1,苗栗,14.87
南投縣,2009,1,埔里,15.2
桃園市,2009,1,桃園,14.96
基隆市,2009,1,基隆,15.65
雲林縣,2009,1,崙背,15.71
高雄市,2009,1,復興,19.1
新竹縣,2009,1,湖口,14.56
臺南市,2009,1,善化,16.47
新北市,2009,1,菜寮,16.06
臺北市,2009,1,陽明,10.04
新竹市,2009,1,新竹,15.66
新北市,2009,1,新店,15.34
新北市,2009,1,新莊,15.11
嘉義縣,2009,1,新港,15.36
臺南市,2009,1,新營,16.7
高雄市,2009,1,楠梓,17.47
新北市,2009,1,萬里,15.62
臺北市,2009,1,萬華,15.66
嘉義市,2009,1,嘉義,16.42
彰化縣,2009,1,彰化,15.09
雲林縣,2009,1,臺西,16.43
臺東縣,2009,1,臺東,19.68
臺南市,2009,1,臺南,17.37
高雄市,2009,1,鳳山,18.08
屏東縣,2009,1,潮州,18.28
彰化縣,2009,1,線西,15.69
高雄市,2009,1,橋頭,17.64
苗栗縣,2009,1,頭份,14.59
桃園市,2009,1,龍潭,13.47
臺中市,2009,1,豐原,14.79
臺東縣,2009,1,關山,17.38
桃園市,2009,1,觀音,14.51
彰化縣,2009,2,二林,21.2
新北市,2009,2,三重,20.85
苗栗縣,2009,2,三義,18
新北市,2009,2,土城,20.24
臺北市,2009,2,士林,20.32
臺中市,2009,2,大里,21.38
桃園市,2009,2,大園,19.23
高雄市,2009,2,大寮,23.43
高雄市,2009,2,小港,24.43
臺北市,2009,2,中山,19.87
桃園市,2009,2,中壢,19.02
高雄市,2009,2,仁武,23.7
雲林縣,2009,2,斗六,21.93
宜蘭縣,2009,2,冬山,19.96
臺北市,2009,2,古亭,20.57
高雄市,2009,2,左營,23.36
桃園市,2009,2,平鎮,19.23
新北市,2009,2,永和,20.37
臺南市,2009,2,安南,22.95
嘉義縣,2009,2,朴子,21.6
新北市,2009,2,汐止,19.75
南投縣,2009,2,竹山,21.17
新竹縣,2009,2,竹東,19.84
臺中市,2009,2,西屯,20.73
臺中市,2009,2,沙鹿,20.5
宜蘭縣,2009,2,宜蘭,20.81
臺中市,2009,2,忠明,20.89
新北市,2009,2,林口,17.85
高雄市,2009,2,林園,23.75
新北市,2009,2,板橋,20.43
臺北市,2009,2,松山,20.13
花蓮縣,2009,2,花蓮,21.68
高雄市,2009,2,前金,23.68
高雄市,2009,2,前鎮,24.05
南投縣,2009,2,南投,21.62
屏東縣,2009,2,屏東,24.57
屏東縣,2009,2,恆春,23.35
高雄市,2009,2,美濃,23.94
苗栗縣,2009,2,苗栗,19.9
南投縣,2009,2,埔里,21.07
桃園市,2009,2,桃園,19.79
基隆市,2009,2,基隆,19.23
雲林縣,2009,2,崙背,21.05
高雄市,2009,2,復興,24.34
新竹縣,2009,2,湖口,19.1
臺南市,2009,2,善化,21.74
新北市,2009,2,菜寮,20.66
臺北市,2009,2,陽明,15.96
新竹市,2009,2,新竹,20.01
新北市,2009,2,新店,20.12
新北市,2009,2,新莊,19.84
嘉義縣,2009,2,新港,21.05
臺南市,2009,2,新營,22.51
高雄市,2009,2,楠梓,23.35
新北市,2009,2,萬里,18.86
臺北市,2009,2,萬華,20.29
嘉義市,2009,2,嘉義,22.14
彰化縣,2009,2,彰化,21.23
雲林縣,2009,2,臺西,21.32
臺東縣,2009,2,臺東,23.07
臺南市,2009,2,臺南,22.84
高雄市,2009,2,鳳山,23.67
屏東縣,2009,2,潮州,23.43
彰化縣,2009,2,線西,21.08
高雄市,2009,2,橋頭,23.42
苗栗縣,2009,2,頭份,19.28
桃園市,2009,2,龍潭,18.45
臺中市,2009,2,豐原,20.66
臺東縣,2009,2,關山,21.54
桃園市,2009,2,觀音,18.55
彰化縣,2009,3,二林,19.98
新北市,2009,3,三重,19.25
苗栗縣,2009,3,三義,16.74
新北市,2009,3,土城,18.69
臺北市,2009,3,士林,18.67
臺中市,2009,3,大里,20.68
桃園市,2009,3,大園,18.21
高雄市,2009,3,大寮,22.92
高雄市,2009,3,小港,24.15
臺北市,2009,3,中山,18.34
桃園市,2009,3,中壢,17.65
高雄市,2009,3,仁武,23.08
雲林縣,2009,3,斗六,20.84
宜蘭縣,2009,3,冬山,19.28
臺北市,2009,3,古亭,19.09
高雄市,2009,3,左營,22.67
桃園市,2009,3,平鎮,17.92
新北市,2009,3,永和,18.93
臺南市,2009,3,安南,21.66
嘉義縣,2009,3,朴子,20.73
新北市,2009,3,汐止,18.46
南投縣,2009,3,竹山,20.03
新竹縣,2009,3,竹東,18.27
臺中市,2009,3,西屯,19.7
臺中市,2009,3,沙鹿,19.21
宜蘭縣,2009,3,宜蘭,19.98
臺中市,2009,3,忠明,19.53
新北市,2009,3,林口,16.37
高雄市,2009,3,林園,23.65
新北市,2009,3,板橋,18.84
臺北市,2009,3,松山,18.76
花蓮縣,2009,3,花蓮,21.18
高雄市,2009,3,前金,23.27
高雄市,2009,3,前鎮,23.72
南投縣,2009,3,南投,20.42
屏東縣,2009,3,屏東,24.05
屏東縣,2009,3,恆春,25.19
高雄市,2009,3,美濃,23.78
苗栗縣,2009,3,苗栗,18.64
南投縣,2009,3,埔里,20.96
桃園市,2009,3,桃園,18.14
基隆市,2009,3,基隆,18.22
雲林縣,2009,3,崙背,19.84
高雄市,2009,3,復興,24.01
新竹縣,2009,3,湖口,17.69
臺南市,2009,3,善化,20.85
新北市,2009,3,菜寮,19.09
臺北市,2009,3,陽明,12.59
新竹市,2009,3,新竹,18.61
新北市,2009,3,新店,18.7
新北市,2009,3,新莊,18.19
嘉義縣,2009,3,新港,19.96
臺南市,2009,3,新營,21.41
高雄市,2009,3,楠梓,22.73
新北市,2009,3,萬里,17.84
臺北市,2009,3,萬華,18.76
嘉義市,2009,3,嘉義,21.04
彰化縣,2009,3,彰化,19.59
雲林縣,2009,3,臺西,20.17
臺東縣,2009,3,臺東,22.83
臺南市,2009,3,臺南,21.73
高雄市,2009,3,鳳山,23.14
屏東縣,2009,3,潮州,23.43
彰化縣,2009,3,線西,20.07
高雄市,2009,3,橋頭,22.8
苗栗縣,2009,3,頭份,18.12
桃園市,2009,3,龍潭,16.82
臺中市,2009,3,豐原,19.21
臺東縣,2009,3,關山,20.77
桃園市,2009,3,觀音,17.52
彰化縣,2009,4,二林,22.71
新北市,2009,4,三重,22.21
苗栗縣,2009,4,三義,19.53
新北市,2009,4,土城,21.44
臺北市,2009,4,士林,21.3
臺中市,2009,4,大里,23.42
桃園市,2009,4,大園,20.33
高雄市,2009,4,大寮,24.79
高雄市,2009,4,小港,25.82
臺北市,2009,4,中山,21.04
桃園市,2009,4,中壢,20.57
高雄市,2009,4,仁武,25.01
雲林縣,2009,4,斗六,23.26
宜蘭縣,2009,4,冬山,20.91
臺北市,2009,4,古亭,21.77
高雄市,2009,4,左營,24.57
桃園市,2009,4,平鎮,20.91
新北市,2009,4,永和,21.65
臺南市,2009,4,安南,23.97
嘉義縣,2009,4,朴子,22.96
新北市,2009,4,汐止,21.14
南投縣,2009,4,竹山,22.32
新竹縣,2009,4,竹東,21.09
臺中市,2009,4,西屯,22.25
臺中市,2009,4,沙鹿,22.53
宜蘭縣,2009,4,宜蘭,21.65
臺中市,2009,4,忠明,22.23
新北市,2009,4,林口,19.32
高雄市,2009,4,林園,25.18
新北市,2009,4,板橋,21.65
臺北市,2009,4,松山,21.42
花蓮縣,2009,4,花蓮,21.95
高雄市,2009,4,前金,25.13
高雄市,2009,4,前鎮,25.43
南投縣,2009,4,南投,22.74
屏東縣,2009,4,屏東,25.16
屏東縣,2009,4,恆春,25.79
高雄市,2009,4,美濃,25.38
苗栗縣,2009,4,苗栗,21.66
南投縣,2009,4,埔里,22.03
桃園市,2009,4,桃園,21.04
基隆市,2009,4,基隆,20.94
雲林縣,2009,4,崙背,22.02
高雄市,2009,4,復興,25.87
新竹縣,2009,4,湖口,21.46
臺南市,2009,4,善化,22.97
新北市,2009,4,菜寮,21.86
臺北市,2009,4,陽明,15.07
新竹市,2009,4,新竹,22.02
新北市,2009,4,新店,21.15
新北市,2009,4,新莊,21.01
嘉義縣,2009,4,新港,22.33
臺南市,2009,4,新營,23.82
高雄市,2009,4,楠梓,24.66
新北市,2009,4,萬里,20.41
臺北市,2009,4,萬華,21.39
嘉義市,2009,4,嘉義,23.46
彰化縣,2009,4,彰化,22.61
雲林縣,2009,4,臺西,22.7
臺東縣,2009,4,臺東,23.39
臺南市,2009,4,臺南,23.92
高雄市,2009,4,鳳山,24.9
屏東縣,2009,4,潮州,24.79
彰化縣,2009,4,線西,23.21
高雄市,2009,4,橋頭,25.11
苗栗縣,2009,4,頭份,21.13
桃園市,2009,4,龍潭,19.64
臺中市,2009,4,豐原,22.08
臺東縣,2009,4,關山,21.42
桃園市,2009,4,觀音,20.88
彰化縣,2009,5,二林,26.08
新北市,2009,5,三重,26.77
苗栗縣,2009,5,三義,23.01
新北市,2009,5,土城,25.44
臺北市,2009,5,士林,25.35
臺中市,2009,5,大里,27.17
桃園市,2009,5,大園,25.2
高雄市,2009,5,大寮,27.07
高雄市,2009,5,小港,28.26
臺北市,2009,5,中山,25.13
桃園市,2009,5,中壢,24.75
高雄市,2009,5,仁武,27.68
雲林縣,2009,5,斗六,26.71
宜蘭縣,2009,5,冬山,24.96
臺北市,2009,5,古亭,25.67
高雄市,2009,5,左營,27.43
桃園市,2009,5,平鎮,25.11
新北市,2009,5,永和,25.7
臺南市,2009,5,安南,27.34
嘉義縣,2009,5,朴子,26.4
新北市,2009,5,汐止,24.65
南投縣,2009,5,竹山,25.52
新竹縣,2009,5,竹東,25.25
臺中市,2009,5,西屯,25.65
臺中市,2009,5,沙鹿,26.15
宜蘭縣,2009,5,宜蘭,25.08
臺中市,2009,5,忠明,25.9
新北市,2009,5,林口,24.05
高雄市,2009,5,林園,27.43
新北市,2009,5,板橋,25.75
臺北市,2009,5,松山,25.2
花蓮縣,2009,5,花蓮,25.21
高雄市,2009,5,前金,27.94
高雄市,2009,5,前鎮,28.09
南投縣,2009,5,南投,26.16
屏東縣,2009,5,屏東,27.55
屏東縣,2009,5,恆春,27.78
高雄市,2009,5,美濃,27.72
苗栗縣,2009,5,苗栗,25.67
南投縣,2009,5,埔里,24.73
桃園市,2009,5,桃園,25.34
基隆市,2009,5,基隆,24.35
雲林縣,2009,5,崙背,25.3
高雄市,2009,5,復興,28.2
新竹縣,2009,5,湖口,25.05
臺南市,2009,5,善化,26.12
新北市,2009,5,菜寮,25.95
臺北市,2009,5,陽明,18.78
新竹市,2009,5,新竹,26.07
新北市,2009,5,新店,24.91
新北市,2009,5,新莊,25.15
嘉義縣,2009,5,新港,25.87
臺南市,2009,5,新營,27.06
高雄市,2009,5,楠梓,27.61
新北市,2009,5,萬里,23.26
臺北市,2009,5,萬華,25.42
嘉義市,2009,5,嘉義,26.81
彰化縣,2009,5,彰化,26.48
雲林縣,2009,5,臺西,26.19
臺東縣,2009,5,臺東,26.28
臺南市,2009,5,臺南,27.28
高雄市,2009,5,鳳山,27.65
屏東縣,2009,5,潮州,26.92
彰化縣,2009,5,線西,26.55
高雄市,2009,5,橋頭,27.95
苗栗縣,2009,5,頭份,25
桃園市,2009,5,龍潭,23.86
臺中市,2009,5,豐原,25.95
臺東縣,2009,5,關山,25
桃園市,2009,5,觀音,25.21
彰化縣,2009,6,二林,28.42
新北市,2009,6,三重,29.04
苗栗縣,2009,6,三義,25.48
新北市,2009,6,土城,28.4
臺北市,2009,6,士林,28.33
臺中市,2009,6,大里,29.28
桃園市,2009,6,大園,28.53
高雄市,2009,6,大寮,28.45
高雄市,2009,6,小港,29.61
臺北市,2009,6,中山,28.33
桃園市,2009,6,中壢,27.52
高雄市,2009,6,仁武,29.2
雲林縣,2009,6,斗六,28.86
宜蘭縣,2009,6,冬山,27.55
臺北市,2009,6,古亭,28.48
高雄市,2009,6,左營,28.93
桃園市,2009,6,平鎮,27.95
新北市,2009,6,永和,28.63
臺南市,2009,6,安南,29.05
嘉義縣,2009,6,朴子,28.35
新北市,2009,6,汐止,27.75
南投縣,2009,6,竹山,27.21
新竹縣,2009,6,竹東,27.61
臺中市,2009,6,西屯,27.65
臺中市,2009,6,沙鹿,27.48
宜蘭縣,2009,6,宜蘭,28.09
臺中市,2009,6,忠明,27.9
新北市,2009,6,林口,26.99
高雄市,2009,6,林園,28.82
新北市,2009,6,板橋,28.53
臺北市,2009,6,松山,28.21
花蓮縣,2009,6,花蓮,28.01
高雄市,2009,6,前金,29.36
高雄市,2009,6,前鎮,29.37
南投縣,2009,6,南投,28.13
屏東縣,2009,6,屏東,28.81
屏東縣,2009,6,恆春,28.66
高雄市,2009,6,美濃,28.81
苗栗縣,2009,6,苗栗,28.64
南投縣,2009,6,埔里,26.27
桃園市,2009,6,桃園,28.51
基隆市,2009,6,基隆,27.5
雲林縣,2009,6,崙背,27.51
高雄市,2009,6,復興,28.48
新竹縣,2009,6,湖口,27.56
臺南市,2009,6,善化,27.67
新北市,2009,6,菜寮,28.83
臺北市,2009,6,陽明,21.47
新竹市,2009,6,新竹,28.7
新北市,2009,6,新店,27.73
新北市,2009,6,新莊,27.97
嘉義縣,2009,6,新港,28.07
臺南市,2009,6,新營,28.66
高雄市,2009,6,楠梓,29.16
新北市,2009,6,萬里,26.47
臺北市,2009,6,萬華,29.1
嘉義市,2009,6,嘉義,28.47
彰化縣,2009,6,彰化,28.99
雲林縣,2009,6,臺西,28.3
臺東縣,2009,6,臺東,28.82
臺南市,2009,6,臺南,28.65
高雄市,2009,6,鳳山,28.9
屏東縣,2009,6,潮州,28.42
彰化縣,2009,6,線西,28.7
高雄市,2009,6,橋頭,28.73
苗栗縣,2009,6,頭份,27.85
桃園市,2009,6,龍潭,26.56
臺中市,2009,6,豐原,27.96
臺東縣,2009,6,關山,27.6
桃園市,2009,6,觀音,28.09
彰化縣,2009,7,二林,29.88
新北市,2009,7,三重,30.92
苗栗縣,2009,7,三義,26.69
新北市,2009,7,土城,30.33
臺北市,2009,7,士林,30.08
臺中市,2009,7,大里,30.63
桃園市,2009,7,大園,30.41
高雄市,2009,7,大寮,29.28
高雄市,2009,7,小港,30.35
臺北市,2009,7,中山,30.86
桃園市,2009,7,中壢,29.39
高雄市,2009,7,仁武,29.93
雲林縣,2009,7,斗六,30.15
宜蘭縣,2009,7,冬山,29.51
臺北市,2009,7,古亭,30.44
高雄市,2009,7,左營,29.54
桃園市,2009,7,平鎮,29.79
新北市,2009,7,永和,30.52
臺南市,2009,7,安南,30.15
嘉義縣,2009,7,朴子,29.49
新北市,2009,7,汐止,29.72
南投縣,2009,7,竹山,28.14
新竹縣,2009,7,竹東,29.32
臺中市,2009,7,西屯,28.94
臺中市,2009,7,沙鹿,28.8
宜蘭縣,2009,7,宜蘭,30.26
臺中市,2009,7,忠明,29.19
新北市,2009,7,林口,28.88
高雄市,2009,7,林園,29.79
新北市,2009,7,板橋,30.48
臺北市,2009,7,松山,30.13
花蓮縣,2009,7,花蓮,29.32
高雄市,2009,7,前金,30.07
高雄市,2009,7,前鎮,30.13
南投縣,2009,7,南投,29.17
屏東縣,2009,7,屏東,29.66
屏東縣,2009,7,恆春,28.6
高雄市,2009,7,美濃,29.98
苗栗縣,2009,7,苗栗,30.3
南投縣,2009,7,埔里,27.63
桃園市,2009,7,桃園,30.37
基隆市,2009,7,基隆,27.58
雲林縣,2009,7,崙背,28.84
高雄市,2009,7,復興,29.53
新竹縣,2009,7,湖口,29.4
臺南市,2009,7,善化,28.89
新北市,2009,7,菜寮,30.7
臺北市,2009,7,陽明,22.63
新竹市,2009,7,新竹,30.36
新北市,2009,7,新店,29.73
新北市,2009,7,新莊,29.98
嘉義縣,2009,7,新港,29.3
臺南市,2009,7,新營,29.79
高雄市,2009,7,楠梓,29.96
新北市,2009,7,萬里,28.46
臺北市,2009,7,萬華,30.29
嘉義市,2009,7,嘉義,29.68
彰化縣,2009,7,彰化,30.38
雲林縣,2009,7,臺西,29.26
臺東縣,2009,7,臺東,29.38
臺南市,2009,7,臺南,29.59
高雄市,2009,7,鳳山,29.55
屏東縣,2009,7,潮州,29.25
彰化縣,2009,7,線西,30.04
高雄市,2009,7,橋頭,29.37
苗栗縣,2009,7,頭份,29.46
桃園市,2009,7,龍潭,28.35
臺中市,2009,7,豐原,29.22
臺東縣,2009,7,關山,28.6
桃園市,2009,7,觀音,29.87
彰化縣,2009,8,二林,29.71
新北市,2009,8,三重,30.74
苗栗縣,2009,8,三義,26.35
新北市,2009,8,土城,30.15
臺北市,2009,8,士林,29.79
臺中市,2009,8,大里,30.29
桃園市,2009,8,大園,30.26
高雄市,2009,8,大寮,29.13
高雄市,2009,8,小港,30.04
臺北市,2009,8,中山,30.7
桃園市,2009,8,中壢,29.2
高雄市,2009,8,仁武,29.87
雲林縣,2009,8,斗六,29.7
宜蘭縣,2009,8,冬山,29.41
臺北市,2009,8,古亭,30.24
高雄市,2009,8,左營,29.57
桃園市,2009,8,平鎮,29.63
新北市,2009,8,永和,30.4
臺南市,2009,8,安南,29.9
嘉義縣,2009,8,朴子,29.34
新北市,2009,8,汐止,29.52
南投縣,2009,8,竹山,27.82
新竹縣,2009,8,竹東,28.94
臺中市,2009,8,西屯,28.8
臺中市,2009,8,沙鹿,28.6
宜蘭縣,2009,8,宜蘭,29.91
臺中市,2009,8,忠明,28.81
新北市,2009,8,林口,28.6
高雄市,2009,8,林園,29.71
新北市,2009,8,板橋,30.14
臺北市,2009,8,松山,29.9
花蓮縣,2009,8,花蓮,29.5
高雄市,2009,8,前金,29.52
高雄市,2009,8,前鎮,30.19
南投縣,2009,8,南投,28.84
屏東縣,2009,8,屏東,29.19
屏東縣,2009,8,恆春,28.64
高雄市,2009,8,美濃,29.4
苗栗縣,2009,8,苗栗,29.75
南投縣,2009,8,埔里,27.34
桃園市,2009,8,桃園,30.28
基隆市,2009,8,基隆,28.92
雲林縣,2009,8,崙背,29.08
高雄市,2009,8,復興,29.58
新竹縣,2009,8,湖口,29.46
臺南市,2009,8,善化,28.86
新北市,2009,8,菜寮,30.4
臺北市,2009,8,陽明,22.81
新竹市,2009,8,新竹,30.17
新北市,2009,8,新店,29.5
新北市,2009,8,新莊,29.6
嘉義縣,2009,8,新港,29.04
臺南市,2009,8,新營,29.67
高雄市,2009,8,楠梓,29.69
新北市,2009,8,萬里,28.3
臺北市,2009,8,萬華,30.01
嘉義市,2009,8,嘉義,29.15
彰化縣,2009,8,彰化,29.97
雲林縣,2009,8,臺西,29.34
臺東縣,2009,8,臺東,29.79
臺南市,2009,8,臺南,29.81
高雄市,2009,8,鳳山,29.29
屏東縣,2009,8,潮州,29.54
彰化縣,2009,8,線西,30.04
高雄市,2009,8,橋頭,29.4
苗栗縣,2009,8,頭份,29.38
桃園市,2009,8,龍潭,28.08
臺中市,2009,8,豐原,28.93
臺東縣,2009,8,關山,29
桃園市,2009,8,觀音,29.8
彰化縣,2009,9,二林,29.65
新北市,2009,9,三重,29.85
苗栗縣,2009,9,三義,26.47
新北市,2009,9,土城,29.89
臺北市,2009,9,士林,29.09
臺中市,2009,9,大里,30.87
桃園市,2009,9,大園,29.65
高雄市,2009,9,大寮,29.32
高雄市,2009,9,小港,29.69
臺北市,2009,9,中山,29.62
桃園市,2009,9,中壢,28.77
高雄市,2009,9,仁武,30.04
雲林縣,2009,9,斗六,29.91
宜蘭縣,2009,9,冬山,27.67
臺北市,2009,9,古亭,29.5
高雄市,2009,9,左營,29.77
桃園市,2009,9,平鎮,29.24
新北市,2009,9,永和,29.62
臺南市,2009,9,安南,29.75
嘉義縣,2009,9,朴子,29.75
新北市,2009,9,汐止,28.44
南投縣,2009,9,竹山,28.1
新竹縣,2009,9,竹東,29.3
臺中市,2009,9,西屯,29.19
臺中市,2009,9,沙鹿,28.86
宜蘭縣,2009,9,宜蘭,27.98
臺中市,2009,9,忠明,30.11
新北市,2009,9,林口,27.82
高雄市,2009,9,林園,29.68
新北市,2009,9,板橋,29.45
臺北市,2009,9,松山,29.04
花蓮縣,2009,9,花蓮,28.38
高雄市,2009,9,前金,29.44
高雄市,2009,9,前鎮,30.43
南投縣,2009,9,南投,29.22
屏東縣,2009,9,屏東,29.41
屏東縣,2009,9,恆春,28.25
高雄市,2009,9,美濃,29.24
苗栗縣,2009,9,苗栗,29.87
南投縣,2009,9,埔里,27.81
桃園市,2009,9,桃園,29.47
基隆市,2009,9,基隆,28.64
雲林縣,2009,9,崙背,29.18
高雄市,2009,9,復興,29.76
新竹縣,2009,9,湖口,29.71
臺南市,2009,9,善化,29.18
新北市,2009,9,菜寮,29.57
臺北市,2009,9,陽明,21.4
新竹市,2009,9,新竹,30.43
新北市,2009,9,新店,28.91
新北市,2009,9,新莊,28.93
嘉義縣,2009,9,新港,29.34
臺南市,2009,9,新營,29.97
高雄市,2009,9,楠梓,29.18
新北市,2009,9,萬里,27.84
臺北市,2009,9,萬華,29.17
嘉義市,2009,9,嘉義,29.57
彰化縣,2009,9,彰化,30.37
雲林縣,2009,9,臺西,29.38
臺東縣,2009,9,臺東,29.31
臺南市,2009,9,臺南,30.02
高雄市,2009,9,鳳山,29.62
屏東縣,2009,9,潮州,28.63
彰化縣,2009,9,線西,30.16
高雄市,2009,9,橋頭,29.56
苗栗縣,2009,9,頭份,29.38
桃園市,2009,9,龍潭,27.85
臺中市,2009,9,豐原,29.68
臺東縣,2009,9,關山,27.67
桃園市,2009,9,觀音,29.23
彰化縣,2009,10,二林,25.48
新北市,2009,10,三重,25.2
苗栗縣,2009,10,三義,21.98
新北市,2009,10,土城,24.86
臺北市,2009,10,士林,24.91
臺中市,2009,10,大里,26.93
桃園市,2009,10,大園,24.9
高雄市,2009,10,大寮,26.86
高雄市,2009,10,小港,27.11
臺北市,2009,10,中山,25.04
桃園市,2009,10,中壢,23.7
高雄市,2009,10,仁武,27.21
雲林縣,2009,10,斗六,26.22
宜蘭縣,2009,10,冬山,23.72
臺北市,2009,10,古亭,24.72
高雄市,2009,10,左營,26.7
桃園市,2009,10,平鎮,24.05
新北市,2009,10,永和,24.54
臺南市,2009,10,安南,25.87
嘉義縣,2009,10,朴子,26.05
新北市,2009,10,汐止,24.01
南投縣,2009,10,竹山,24.94
新竹縣,2009,10,竹東,24.53
臺中市,2009,10,西屯,25.13
臺中市,2009,10,沙鹿,24.98
宜蘭縣,2009,10,宜蘭,23.86
臺中市,2009,10,忠明,26.3
新北市,2009,10,林口,22.96
高雄市,2009,10,林園,27.33
新北市,2009,10,板橋,24.64
臺北市,2009,10,松山,24.97
花蓮縣,2009,10,花蓮,25.58
高雄市,2009,10,前金,26.34
高雄市,2009,10,前鎮,27.74
南投縣,2009,10,南投,25.72
屏東縣,2009,10,屏東,27.21
屏東縣,2009,10,恆春,26.36
高雄市,2009,10,美濃,27.05
苗栗縣,2009,10,苗栗,25.24
南投縣,2009,10,埔里,25.39
桃園市,2009,10,桃園,24.38
基隆市,2009,10,基隆,24.05
雲林縣,2009,10,崙背,25.18
高雄市,2009,10,復興,27.14
新竹縣,2009,10,湖口,24.37
臺南市,2009,10,善化,25.7
新北市,2009,10,菜寮,24.95
臺北市,2009,10,陽明,17.11
新竹市,2009,10,新竹,25.38
新北市,2009,10,新店,24.13
新北市,2009,10,新莊,24.02
嘉義縣,2009,10,新港,25.16
臺南市,2009,10,新營,26.25
高雄市,2009,10,楠梓,26.05
新北市,2009,10,萬里,23.93
臺北市,2009,10,萬華,24.32
嘉義市,2009,10,嘉義,26.1
彰化縣,2009,10,彰化,25.65
雲林縣,2009,10,臺西,25.41
臺東縣,2009,10,臺東,26.67
臺南市,2009,10,臺南,26.45
高雄市,2009,10,鳳山,26.83
屏東縣,2009,10,潮州,26.65
彰化縣,2009,10,線西,25.65
高雄市,2009,10,橋頭,26.58
苗栗縣,2009,10,頭份,24.73
桃園市,2009,10,龍潭,22.63
臺中市,2009,10,豐原,25.29
臺東縣,2009,10,關山,24.61
桃園市,2009,10,觀音,24.68
彰化縣,2009,11,二林,22.08
新北市,2009,11,三重,21.93
苗栗縣,2009,11,三義,18.48
新北市,2009,11,土城,22.01
臺北市,2009,11,士林,21.9
臺中市,2009,11,大里,22.99
桃園市,2009,11,大園,21.65
高雄市,2009,11,大寮,24.05
高雄市,2009,11,小港,24.16
臺北市,2009,11,中山,22.3
桃園市,2009,11,中壢,20.6
高雄市,2009,11,仁武,24.13
雲林縣,2009,11,斗六,22.64
宜蘭縣,2009,11,冬山,21.19
臺北市,2009,11,古亭,21.95
高雄市,2009,11,左營,23.52
桃園市,2009,11,平鎮,20.88
新北市,2009,11,永和,21.97
臺南市,2009,11,安南,22.5
嘉義縣,2009,11,朴子,22.82
新北市,2009,11,汐止,21.39
南投縣,2009,11,竹山,21.44
新竹縣,2009,11,竹東,21.3
臺中市,2009,11,西屯,21.65
臺中市,2009,11,沙鹿,21.48
宜蘭縣,2009,11,宜蘭,21.26
臺中市,2009,11,忠明,22.48
新北市,2009,11,林口,19.9
高雄市,2009,11,林園,24.54
新北市,2009,11,板橋,21.84
臺北市,2009,11,松山,22.01
花蓮縣,2009,11,花蓮,23.09
高雄市,2009,11,前金,23.35
高雄市,2009,11,前鎮,24.74
南投縣,2009,11,南投,22.14
屏東縣,2009,11,屏東,24.34
屏東縣,2009,11,恆春,24.51
高雄市,2009,11,美濃,24.32
苗栗縣,2009,11,苗栗,21.45
南投縣,2009,11,埔里,21.88
桃園市,2009,11,桃園,20.91
基隆市,2009,11,基隆,21.28
雲林縣,2009,11,崙背,21.87
高雄市,2009,11,復興,24.1
新竹縣,2009,11,湖口,20.82
臺南市,2009,11,善化,22.52
新北市,2009,11,菜寮,22.07
臺北市,2009,11,陽明,14.43
新竹市,2009,11,新竹,21.73
新北市,2009,11,新店,21.3
新北市,2009,11,新莊,21.19
嘉義縣,2009,11,新港,21.69
臺南市,2009,11,新營,23.08
高雄市,2009,11,楠梓,22.9
新北市,2009,11,萬里,21.16
臺北市,2009,11,萬華,21.5
嘉義市,2009,11,嘉義,22.7
彰化縣,2009,11,彰化,21.89
雲林縣,2009,11,臺西,22.23
臺東縣,2009,11,臺東,24.12
臺南市,2009,11,臺南,23.27
高雄市,2009,11,鳳山,23.58
屏東縣,2009,11,潮州,23.99
彰化縣,2009,11,線西,22.17
高雄市,2009,11,橋頭,23.43
苗栗縣,2009,11,頭份,20.97
桃園市,2009,11,龍潭,19.94
臺中市,2009,11,豐原,21.39
臺東縣,2009,11,關山,22.41
桃園市,2009,11,觀音,21.31
彰化縣,2009,12,二林,17.68
新北市,2009,12,三重,17.27
苗栗縣,2009,12,三義,14.36
新北市,2009,12,土城,17.61
臺北市,2009,12,士林,17.28
臺中市,2009,12,大里,18.28
桃園市,2009,12,大園,17.36
高雄市,2009,12,大寮,20.28
高雄市,2009,12,小港,20.48
臺北市,2009,12,中山,17.89
桃園市,2009,12,中壢,16.37
高雄市,2009,12,仁武,20.25
雲林縣,2009,12,斗六,18.39
宜蘭縣,2009,12,冬山,17.19
臺北市,2009,12,古亭,17.63
高雄市,2009,12,左營,19.52
桃園市,2009,12,平鎮,16.57
新北市,2009,12,永和,17.48
臺南市,2009,12,安南,17.89
嘉義縣,2009,12,朴子,18.55
新北市,2009,12,汐止,17.14
南投縣,2009,12,竹山,17.27
新竹縣,2009,12,竹東,16.71
臺中市,2009,12,西屯,17.5
臺中市,2009,12,沙鹿,16.68
宜蘭縣,2009,12,宜蘭,17.14
臺中市,2009,12,忠明,18.09
新北市,2009,12,林口,15.49
高雄市,2009,12,林園,20.97
新北市,2009,12,板橋,17.4
臺北市,2009,12,松山,17.41
花蓮縣,2009,12,花蓮,19.19
高雄市,2009,12,前金,19.38
高雄市,2009,12,前鎮,20.96
南投縣,2009,12,南投,17.73
屏東縣,2009,12,屏東,20.52
屏東縣,2009,12,恆春,21.29
高雄市,2009,12,美濃,20.53
苗栗縣,2009,12,苗栗,17
南投縣,2009,12,埔里,17.61
桃園市,2009,12,桃園,16.38
基隆市,2009,12,基隆,17.12
雲林縣,2009,12,崙背,17.75
高雄市,2009,12,復興,20.37
新竹縣,2009,12,湖口,16.52
臺南市,2009,12,善化,18.26
新北市,2009,12,菜寮,17.55
臺北市,2009,12,陽明,12.15
新竹市,2009,12,新竹,17.49
新北市,2009,12,新店,16.99
新北市,2009,12,新莊,16.6
嘉義縣,2009,12,新港,17.33
臺南市,2009,12,新營,18.73
高雄市,2009,12,楠梓,18.8
新北市,2009,12,萬里,17.14
臺北市,2009,12,萬華,17.08
嘉義市,2009,12,嘉義,18.46
彰化縣,2009,12,彰化,17.16
雲林縣,2009,12,臺西,18.1
臺東縣,2009,12,臺東,20.07
臺南市,2009,12,臺南,18.97
高雄市,2009,12,鳳山,19.9
屏東縣,2009,12,潮州,20.25
彰化縣,2009,12,線西,17.68
高雄市,2009,12,橋頭,19.26
苗栗縣,2009,12,頭份,16.77
桃園市,2009,12,龍潭,15.19
臺中市,2009,12,豐原,16.93
臺東縣,2009,12,關山,18.25
桃園市,2009,12,觀音,17.09
彰化縣,2010,1,二林,16.98
新北市,2010,1,三重,16.95
苗栗縣,2010,1,三義,13.97
新北市,2010,1,土城,17.22
臺北市,2010,1,士林,17.13
臺中市,2010,1,大里,17.68
桃園市,2010,1,大園,17.12
高雄市,2010,1,大寮,20.01
高雄市,2010,1,小港,20.08
臺北市,2010,1,中山,17.62
桃園市,2010,1,中壢,15.93
高雄市,2010,1,仁武,19.82
雲林縣,2010,1,斗六,17.89
宜蘭縣,2010,1,冬山,16.69
臺北市,2010,1,古亭,17.22
桃園市,2010,1,平鎮,16.18
新北市,2010,1,永和,17.37
臺南市,2010,1,安南,17.48
嘉義縣,2010,1,朴子,18.03
新北市,2010,1,汐止,17
南投縣,2010,1,竹山,16.77
新竹縣,2010,1,竹東,16.26
臺中市,2010,1,西屯,17.22
臺中市,2010,1,沙鹿,16.37
宜蘭縣,2010,1,宜蘭,16.61
臺中市,2010,1,忠明,17.65
新北市,2010,1,林口,15.48
高雄市,2010,1,林園,20.55
新北市,2010,1,板橋,17.2
臺北市,2010,1,松山,17.21
花蓮縣,2010,1,花蓮,18.89
高雄市,2010,1,前金,18.97
高雄市,2010,1,前鎮,20.5
南投縣,2010,1,南投,17.34
屏東縣,2010,1,屏東,20.22
屏東縣,2010,1,恆春,21.26
高雄市,2010,1,美濃,19.47
苗栗縣,2010,1,苗栗,16.16
南投縣,2010,1,埔里,17.32
桃園市,2010,1,桃園,16.43
基隆市,2010,1,基隆,16.64
雲林縣,2010,1,崙背,17.25
高雄市,2010,1,復興,19.91
新竹縣,2010,1,湖口,15.72
臺南市,2010,1,善化,17.88
新北市,2010,1,菜寮,17.32
臺北市,2010,1,陽明,12.21
新竹市,2010,1,新竹,16.79
新北市,2010,1,新店,16.91
新北市,2010,1,新莊,16.52
嘉義縣,2010,1,新港,16.77
臺南市,2010,1,新營,18.34
高雄市,2010,1,楠梓,18.41
新北市,2010,1,萬里,16.51
臺北市,2010,1,萬華,16.79
嘉義市,2010,1,嘉義,17.98
彰化縣,2010,1,彰化,16.49
雲林縣,2010,1,臺西,17.3
臺東縣,2010,1,臺東,20.17
臺南市,2010,1,臺南,18.53
高雄市,2010,1,鳳山,19.68
屏東縣,2010,1,潮州,20.08
彰化縣,2010,1,線西,16.89
高雄市,2010,1,橋頭,18.83
苗栗縣,2010,1,頭份,16.19
桃園市,2010,1,龍潭,14.91
臺中市,2010,1,豐原,16.44
臺東縣,2010,1,關山,18.21
桃園市,2010,1,觀音,16.14
彰化縣,2010,2,二林,18.59
新北市,2010,2,三重,17.55
苗栗縣,2010,2,三義,15.52
新北市,2010,2,土城,17.9
臺北市,2010,2,士林,17.59
臺中市,2010,2,大里,19.19
桃園市,2010,2,大園,17.8
高雄市,2010,2,大寮,21.67
高雄市,2010,2,小港,21.79
臺北市,2010,2,中山,18.32
桃園市,2010,2,中壢,16.66
高雄市,2010,2,仁武,21.54
雲林縣,2010,2,斗六,19.41
宜蘭縣,2010,2,冬山,18.27
臺北市,2010,2,古亭,17.94
高雄市,2010,2,左營,21
桃園市,2010,2,平鎮,16.66
新北市,2010,2,永和,18.18
臺南市,2010,2,安南,19.82
嘉義縣,2010,2,朴子,19.8
新北市,2010,2,汐止,17.95
南投縣,2010,2,竹山,18.15
新竹縣,2010,2,竹東,17.24
臺中市,2010,2,西屯,18.45
臺中市,2010,2,沙鹿,18.02
宜蘭縣,2010,2,宜蘭,18.35
臺中市,2010,2,忠明,18.95
新北市,2010,2,林口,16.02
高雄市,2010,2,林園,22.35
新北市,2010,2,板橋,17.87
臺北市,2010,2,松山,18.69
花蓮縣,2010,2,花蓮,20.53
高雄市,2010,2,前金,20.71
高雄市,2010,2,前鎮,22.14
南投縣,2010,2,南投,18.74
屏東縣,2010,2,屏東,22.05
屏東縣,2010,2,恆春,23.2
高雄市,2010,2,美濃,21.06
苗栗縣,2010,2,苗栗,17.32
南投縣,2010,2,埔里,18.67
桃園市,2010,2,桃園,17.25
基隆市,2010,2,基隆,17.26
雲林縣,2010,2,崙背,19.07
高雄市,2010,2,復興,21.6
新竹縣,2010,2,湖口,16.48
臺南市,2010,2,善化,19.71
新北市,2010,2,菜寮,17.71
臺北市,2010,2,陽明,11.72
新竹市,2010,2,新竹,17.45
新北市,2010,2,新店,17.58
新北市,2010,2,新莊,17.01
嘉義縣,2010,2,新港,18.62
臺南市,2010,2,新營,20.16
高雄市,2010,2,楠梓,20.37
新北市,2010,2,萬里,17.05
臺北市,2010,2,萬華,17.85
嘉義市,2010,2,嘉義,19.65
彰化縣,2010,2,彰化,17.95
雲林縣,2010,2,臺西,18.82
臺東縣,2010,2,臺東,22.14
臺南市,2010,2,臺南,20.32
高雄市,2010,2,鳳山,21.21
屏東縣,2010,2,潮州,21.93
彰化縣,2010,2,線西,18.23
高雄市,2010,2,橋頭,20.61
苗栗縣,2010,2,頭份,17.08
桃園市,2010,2,龍潭,16.16
臺中市,2010,2,豐原,17.86
臺東縣,2010,2,關山,20.31
桃園市,2010,2,觀音,16.71
彰化縣,2010,3,二林,21.15
新北市,2010,3,三重,19.89
苗栗縣,2010,3,三義,17.76
新北市,2010,3,土城,20.36
臺北市,2010,3,士林,19.87
臺中市,2010,3,大里,22.01
桃園市,2010,3,大園,18.79
高雄市,2010,3,大寮,23.66
高雄市,2010,3,小港,23.84
臺北市,2010,3,中山,20.54
桃園市,2010,3,中壢,19.13
高雄市,2010,3,仁武,23.86
雲林縣,2010,3,斗六,22.12
宜蘭縣,2010,3,冬山,19.9
臺北市,2010,3,古亭,20.21
高雄市,2010,3,左營,23.26
桃園市,2010,3,平鎮,19.06
新北市,2010,3,永和,20.44
臺南市,2010,3,安南,22.48
嘉義縣,2010,3,朴子,22.3
新北市,2010,3,汐止,19.71
南投縣,2010,3,竹山,20.82
新竹縣,2010,3,竹東,19.23
臺中市,2010,3,西屯,20.86
臺中市,2010,3,沙鹿,19.7
宜蘭縣,2010,3,宜蘭,19.81
臺中市,2010,3,忠明,21.69
新北市,2010,3,林口,18.22
高雄市,2010,3,林園,23.95
新北市,2010,3,板橋,20.19
臺北市,2010,3,松山,20.39
花蓮縣,2010,3,花蓮,21.74
高雄市,2010,3,前金,23.12
高雄市,2010,3,前鎮,24.45
南投縣,2010,3,南投,21.53
屏東縣,2010,3,屏東,24.07
屏東縣,2010,3,恆春,23.86
高雄市,2010,3,美濃,23.11
苗栗縣,2010,3,苗栗,19.48
南投縣,2010,3,埔里,20.8
桃園市,2010,3,桃園,19.63
基隆市,2010,3,基隆,19.06
雲林縣,2010,3,崙背,21.25
高雄市,2010,3,復興,23.88
新竹縣,2010,3,湖口,18.79
臺南市,2010,3,善化,22.02
新北市,2010,3,菜寮,20.08
臺北市,2010,3,陽明,12.75
新竹市,2010,3,新竹,19.68
新北市,2010,3,新店,20.02
新北市,2010,3,新莊,19.41
嘉義縣,2010,3,新港,21.18
臺南市,2010,3,新營,22.54
高雄市,2010,3,楠梓,22.82
新北市,2010,3,萬里,18.66
臺北市,2010,3,萬華,20.14
嘉義市,2010,3,嘉義,22.79
彰化縣,2010,3,彰化,20.63
雲林縣,2010,3,臺西,21.07
臺東縣,2010,3,臺東,22.69
臺南市,2010,3,臺南,22.91
高雄市,2010,3,鳳山,23.93
屏東縣,2010,3,潮州,23.64
彰化縣,2010,3,線西,20.65
高雄市,2010,3,橋頭,23.09
苗栗縣,2010,3,頭份,19.21
桃園市,2010,3,龍潭,18.63
臺中市,2010,3,豐原,20.45
臺東縣,2010,3,關山,20.97
桃園市,2010,3,觀音,18.98
彰化縣,2010,4,二林,22.03
新北市,2010,4,三重,20.99
苗栗縣,2010,4,三義,18.73
新北市,2010,4,土城,21.32
臺北市,2010,4,士林,20.85
臺中市,2010,4,大里,23.02
桃園市,2010,4,大園,19.6
高雄市,2010,4,大寮,24.95
高雄市,2010,4,小港,25.06
臺北市,2010,4,中山,21.43
桃園市,2010,4,中壢,20.21
高雄市,2010,4,仁武,25.13
雲林縣,2010,4,斗六,22.95
宜蘭縣,2010,4,冬山,20.82
臺北市,2010,4,古亭,21.02
高雄市,2010,4,左營,24.84
桃園市,2010,4,平鎮,20.21
新北市,2010,4,永和,21.31
臺南市,2010,4,安南,23.34
嘉義縣,2010,4,朴子,23.06
新北市,2010,4,汐止,20.76
南投縣,2010,4,竹山,21.58
新竹縣,2010,4,竹東,20.38
臺中市,2010,4,西屯,21.8
臺中市,2010,4,沙鹿,21.91
宜蘭縣,2010,4,宜蘭,20.77
臺中市,2010,4,忠明,22.55
新北市,2010,4,林口,19.4
高雄市,2010,4,林園,25.47
新北市,2010,4,板橋,21.13
臺北市,2010,4,松山,21.29
花蓮縣,2010,4,花蓮,22.6
高雄市,2010,4,前金,24.15
高雄市,2010,4,前鎮,25.51
南投縣,2010,4,南投,22.26
屏東縣,2010,4,屏東,25.37
屏東縣,2010,4,恆春,24.93
高雄市,2010,4,美濃,24.39
苗栗縣,2010,4,苗栗,20.73
南投縣,2010,4,埔里,21.95
桃園市,2010,4,桃園,20.52
基隆市,2010,4,基隆,20.44
雲林縣,2010,4,崙背,22.23
高雄市,2010,4,復興,24.94
新竹縣,2010,4,湖口,20.04
臺南市,2010,4,善化,23.09
新北市,2010,4,菜寮,20.98
臺北市,2010,4,陽明,13.38
新竹市,2010,4,新竹,20.95
新北市,2010,4,新店,20.96
新北市,2010,4,新莊,20.28
嘉義縣,2010,4,新港,21.98
臺南市,2010,4,新營,23.41
高雄市,2010,4,楠梓,24.02
新北市,2010,4,萬里,19.98
臺北市,2010,4,萬華,20.93
嘉義市,2010,4,嘉義,23.21
彰化縣,2010,4,彰化,21.65
雲林縣,2010,4,臺西,22
臺東縣,2010,4,臺東,23.84
臺南市,2010,4,臺南,23.88
高雄市,2010,4,鳳山,25.05
屏東縣,2010,4,潮州,25.09
彰化縣,2010,4,線西,21.65
高雄市,2010,4,橋頭,24.31
苗栗縣,2010,4,頭份,20.68
桃園市,2010,4,龍潭,19.69
臺中市,2010,4,豐原,21.51
臺東縣,2010,4,關山,22.5
桃園市,2010,4,觀音,20.26
彰化縣,2010,5,二林,26.38
新北市,2010,5,三重,25.64
苗栗縣,2010,5,三義,23.36
新北市,2010,5,土城,25.96
臺北市,2010,5,士林,25.43
臺中市,2010,5,大里,27.8
桃園市,2010,5,大園,24.45
高雄市,2010,5,大寮,27.92
高雄市,2010,5,小港,27.92
臺北市,2010,5,中山,26.13
桃園市,2010,5,中壢,24.91
高雄市,2010,5,仁武,28.66
雲林縣,2010,5,斗六,27.35
宜蘭縣,2010,5,冬山,25.15
臺北市,2010,5,古亭,25.72
高雄市,2010,5,左營,28.76
桃園市,2010,5,平鎮,24.86
新北市,2010,5,永和,26.07
臺南市,2010,5,安南,27.5
嘉義縣,2010,5,朴子,27.12
新北市,2010,5,汐止,25.31
南投縣,2010,5,竹山,25.81
新竹縣,2010,5,竹東,24.76
臺中市,2010,5,西屯,25.83
臺中市,2010,5,沙鹿,26.11
宜蘭縣,2010,5,宜蘭,25.1
臺中市,2010,5,忠明,27.17
新北市,2010,5,林口,23.93
高雄市,2010,5,林園,28.18
新北市,2010,5,板橋,25.93
臺北市,2010,5,松山,25.74
花蓮縣,2010,5,花蓮,26.09
高雄市,2010,5,前金,27.25
高雄市,2010,5,前鎮,28.59
南投縣,2010,5,南投,26.79
屏東縣,2010,5,屏東,28.47
屏東縣,2010,5,恆春,27.35
高雄市,2010,5,美濃,27.71
苗栗縣,2010,5,苗栗,25.41
南投縣,2010,5,埔里,25.49
桃園市,2010,5,桃園,25.22
基隆市,2010,5,基隆,24.77
雲林縣,2010,5,崙背,26.26
高雄市,2010,5,復興,27.88
新竹縣,2010,5,湖口,24.78
臺南市,2010,5,善化,26.9
新北市,2010,5,菜寮,25.89
臺北市,2010,5,陽明,18
新竹市,2010,5,新竹,25.51
新北市,2010,5,新店,25.58
新北市,2010,5,新莊,25.08
嘉義縣,2010,5,新港,26.34
臺南市,2010,5,新營,27.35
高雄市,2010,5,楠梓,27.36
新北市,2010,5,萬里,23.98
臺北市,2010,5,萬華,25.72
嘉義市,2010,5,嘉義,27.43
彰化縣,2010,5,彰化,26.25
雲林縣,2010,5,臺西,26.1
臺東縣,2010,5,臺東,26.9
臺南市,2010,5,臺南,27.65
高雄市,2010,5,鳳山,28.42
屏東縣,2010,5,潮州,28.08
彰化縣,2010,5,線西,25.61
高雄市,2010,5,橋頭,27.71
苗栗縣,2010,5,頭份,25.4
桃園市,2010,5,龍潭,24.27
臺中市,2010,5,豐原,26.01
臺東縣,2010,5,關山,25.88
桃園市,2010,5,觀音,24.82
彰化縣,2011,1,二林,14.82
新北市,2011,1,三重,13.93
苗栗縣,2011,1,三義,10.86
新北市,2011,1,土城,14.12
臺北市,2011,1,士林,14.31
臺中市,2011,1,大里,13.78
桃園市,2011,1,大園,14.56
高雄市,2011,1,大寮,16.8
高雄市,2011,1,小港,17.42
臺北市,2011,1,中山,14.13
桃園市,2011,1,中壢,12.73
高雄市,2011,1,仁武,16.46
雲林縣,2011,1,斗六,15.54
宜蘭縣,2011,1,冬山,14.02
臺北市,2011,1,古亭,13.94
高雄市,2011,1,左營,16.69
桃園市,2011,1,平鎮,13.02
新北市,2011,1,永和,13.92
臺南市,2011,1,安南,15.25
嘉義縣,2011,1,朴子,15.58
新北市,2011,1,汐止,13.64
南投縣,2011,1,竹山,14.19
新竹縣,2011,1,竹東,13.82
臺中市,2011,1,西屯,15.01
臺中市,2011,1,沙鹿,13.82
宜蘭縣,2011,1,宜蘭,13.93
臺中市,2011,1,忠明,14.47
新北市,2011,1,林口,11.99
高雄市,2011,1,林園,18.04
新北市,2011,1,板橋,14.38
臺北市,2011,1,松山,13.66
花蓮縣,2011,1,花蓮,16.95
高雄市,2011,1,前金,17.11
高雄市,2011,1,前鎮,17.83
南投縣,2011,1,南投,14.75
屏東縣,2011,1,屏東,17.62
屏東縣,2011,1,恆春,18.89
高雄市,2011,1,美濃,16.32
苗栗縣,2011,1,苗栗,13.62
南投縣,2011,1,埔里,15.45
桃園市,2011,1,桃園,12.92
基隆市,2011,1,基隆,14.04
雲林縣,2011,1,崙背,14.98
高雄市,2011,1,復興,17.17
新竹縣,2011,1,湖口,13.11
臺南市,2011,1,善化,16.89
新北市,2011,1,菜寮,14.51
臺北市,2011,1,陽明,7.43
新竹市,2011,1,新竹,13.71
新北市,2011,1,新店,13.73
新北市,2011,1,新莊,14.47
嘉義縣,2011,1,新港,14.46
臺南市,2011,1,新營,15.78
高雄市,2011,1,楠梓,15.99
新北市,2011,1,萬里,14.5
臺北市,2011,1,萬華,13.93
嘉義市,2011,1,嘉義,15.41
彰化縣,2011,1,彰化,14.02
雲林縣,2011,1,臺西,15.27
臺東縣,2011,1,臺東,18.12
臺南市,2011,1,臺南,15.93
高雄市,2011,1,鳳山,17.03
屏東縣,2011,1,潮州,17.8
彰化縣,2011,1,線西,14.29
高雄市,2011,1,橋頭,16.47
苗栗縣,2011,1,頭份,13.6
桃園市,2011,1,龍潭,12.49
臺中市,2011,1,豐原,13.15
臺東縣,2011,1,關山,15.24
桃園市,2011,1,觀音,14.84
彰化縣,2011,2,二林,16.6
新北市,2011,2,三重,16.68
苗栗縣,2011,2,三義,13.77
新北市,2011,2,土城,17.02
臺北市,2011,2,士林,16.8
臺中市,2011,2,大里,16.35
桃園市,2011,2,大園,15.8
高雄市,2011,2,大寮,19.72
高雄市,2011,2,小港,20.15
臺北市,2011,2,中山,17.18
桃園市,2011,2,中壢,15.23
高雄市,2011,2,仁武,19.29
雲林縣,2011,2,斗六,17.65
宜蘭縣,2011,2,冬山,17.13
臺北市,2011,2,古亭,17.19
高雄市,2011,2,左營,19.2
桃園市,2011,2,平鎮,15.56
新北市,2011,2,永和,17.06
臺南市,2011,2,安南,17.76
嘉義縣,2011,2,朴子,17.38
新北市,2011,2,汐止,16.9
南投縣,2011,2,竹山,16.54
新竹縣,2011,2,竹東,16.02
臺中市,2011,2,西屯,17.14
臺中市,2011,2,沙鹿,15.53
宜蘭縣,2011,2,宜蘭,17.19
臺中市,2011,2,忠明,17.07
新北市,2011,2,林口,15.07
高雄市,2011,2,林園,20.16
新北市,2011,2,板橋,17.57
臺北市,2011,2,松山,16.8
花蓮縣,2011,2,花蓮,19.31
高雄市,2011,2,前金,19.78
高雄市,2011,2,前鎮,20.59
南投縣,2011,2,南投,17.13
屏東縣,2011,2,屏東,20.58
屏東縣,2011,2,恆春,20.63
高雄市,2011,2,美濃,19.14
苗栗縣,2011,2,苗栗,15.26
南投縣,2011,2,埔里,17.46
桃園市,2011,2,桃園,15.65
基隆市,2011,2,基隆,16.53
雲林縣,2011,2,崙背,16.57
高雄市,2011,2,復興,19.95
新竹縣,2011,2,湖口,15.21
臺南市,2011,2,善化,19.34
新北市,2011,2,菜寮,17.35
臺北市,2011,2,陽明,10.98
新竹市,2011,2,新竹,15.61
新北市,2011,2,新店,16.89
新北市,2011,2,新莊,17.31
嘉義縣,2011,2,新港,16.31
臺南市,2011,2,新營,17.96
高雄市,2011,2,楠梓,18.89
新北市,2011,2,萬里,16.79
臺北市,2011,2,萬華,17.03
嘉義市,2011,2,嘉義,17.65
彰化縣,2011,2,彰化,15.76
雲林縣,2011,2,臺西,16.6
臺東縣,2011,2,臺東,20.5
臺南市,2011,2,臺南,18.62
高雄市,2011,2,鳳山,19.96
屏東縣,2011,2,潮州,20.3
彰化縣,2011,2,線西,15.51
高雄市,2011,2,橋頭,19.25
苗栗縣,2011,2,頭份,15.18
桃園市,2011,2,龍潭,15.08
臺中市,2011,2,豐原,15.83
臺東縣,2011,2,關山,17.8
桃園市,2011,2,觀音,16.42
彰化縣,2011,3,二林,17.68
新北市,2011,3,三重,16.2
苗栗縣,2011,3,三義,13.88
新北市,2011,3,土城,16.48
臺北市,2011,3,士林,16.26
臺中市,2011,3,大里,18.17
桃園市,2011,3,大園,15.36
高雄市,2011,3,大寮,20.74
高雄市,2011,3,小港,21.3
臺北市,2011,3,中山,16.52
桃園市,2011,3,中壢,14.88
高雄市,2011,3,仁武,20.51
雲林縣,2011,3,斗六,18.81
宜蘭縣,2011,3,冬山,16.16
臺北市,2011,3,古亭,16.44
高雄市,2011,3,左營,20.62
桃園市,2011,3,平鎮,15.31
新北市,2011,3,永和,16.29
臺南市,2011,3,安南,19.32
嘉義縣,2011,3,朴子,18.7
新北市,2011,3,汐止,16.13
南投縣,2011,3,竹山,17.51
新竹縣,2011,3,竹東,15.99
臺中市,2011,3,西屯,17.92
臺中市,2011,3,沙鹿,16.58
宜蘭縣,2011,3,宜蘭,16.07
臺中市,2011,3,忠明,17.88
新北市,2011,3,林口,14.45
高雄市,2011,3,林園,21.13
新北市,2011,3,板橋,16.89
臺北市,2011,3,松山,16.19
花蓮縣,2011,3,花蓮,18.41
高雄市,2011,3,前金,20.84
高雄市,2011,3,前鎮,21.89
南投縣,2011,3,南投,18.15
屏東縣,2011,3,屏東,21.55
屏東縣,2011,3,恆春,20.1
高雄市,2011,3,美濃,20.31
苗栗縣,2011,3,苗栗,16.05
南投縣,2011,3,埔里,18.57
桃園市,2011,3,桃園,15.13
基隆市,2011,3,基隆,16.04
雲林縣,2011,3,崙背,17.81
高雄市,2011,3,復興,21.22
新竹縣,2011,3,湖口,15.17
臺南市,2011,3,善化,21.03
新北市,2011,3,菜寮,16.89
臺北市,2011,3,陽明,10.08
新竹市,2011,3,新竹,16.24
新北市,2011,3,新店,16.24
新北市,2011,3,新莊,16.82
嘉義縣,2011,3,新港,17.42
臺南市,2011,3,新營,19.28
高雄市,2011,3,楠梓,20.2
新北市,2011,3,萬里,16.17
臺北市,2011,3,萬華,16.31
嘉義市,2011,3,嘉義,18.78
彰化縣,2011,3,彰化,17.07
雲林縣,2011,3,臺西,17.3
臺東縣,2011,3,臺東,19.45
臺南市,2011,3,臺南,19.8
高雄市,2011,3,鳳山,21.16
屏東縣,2011,3,潮州,21.38
彰化縣,2011,3,線西,16.78
高雄市,2011,3,橋頭,20.52
苗栗縣,2011,3,頭份,15.89
桃園市,2011,3,龍潭,14.48
臺中市,2011,3,豐原,16.66
臺東縣,2011,3,關山,16.99
桃園市,2011,3,觀音,16.68
彰化縣,2011,4,二林,22.34
新北市,2011,4,三重,21.79
苗栗縣,2011,4,三義,19.48
新北市,2011,4,土城,21.85
臺北市,2011,4,士林,21.89
臺中市,2011,4,大里,23.62
桃園市,2011,4,大園,20.98
高雄市,2011,4,大寮,24.53
高雄市,2011,4,小港,24.6
臺北市,2011,4,中山,22.27
桃園市,2011,4,中壢,20.8
高雄市,2011,4,仁武,24.34
雲林縣,2011,4,斗六,23.71
宜蘭縣,2011,4,冬山,21.09
臺北市,2011,4,古亭,21.9
高雄市,2011,4,左營,24.5
桃園市,2011,4,平鎮,21.19
新北市,2011,4,永和,21.76
臺南市,2011,4,安南,24.02
嘉義縣,2011,4,朴子,23.56
新北市,2011,4,汐止,21.23
南投縣,2011,4,竹山,22.09
新竹縣,2011,4,竹東,21.29
臺中市,2011,4,西屯,22.95
臺中市,2011,4,沙鹿,22.14
宜蘭縣,2011,4,宜蘭,21.29
臺中市,2011,4,忠明,23.37
新北市,2011,4,林口,20.32
高雄市,2011,4,林園,24.08
新北市,2011,4,板橋,22.45
臺北市,2011,4,松山,21.57
花蓮縣,2011,4,花蓮,22.16
高雄市,2011,4,前金,24.58
高雄市,2011,4,前鎮,25.34
南投縣,2011,4,南投,22.95
屏東縣,2011,4,屏東,24.95
屏東縣,2011,4,恆春,22.89
高雄市,2011,4,美濃,23.97
苗栗縣,2011,4,苗栗,21.69
南投縣,2011,4,埔里,21.86
桃園市,2011,4,桃園,21.01
基隆市,2011,4,基隆,20.78
雲林縣,2011,4,崙背,22.61
高雄市,2011,4,復興,24.66
新竹縣,2011,4,湖口,20.91
臺南市,2011,4,善化,25.8
新北市,2011,4,菜寮,22.09
臺北市,2011,4,陽明,15.88
新竹市,2011,4,新竹,21.86
新北市,2011,4,新店,21.79
新北市,2011,4,新莊,22.3
嘉義縣,2011,4,新港,22.57
臺南市,2011,4,新營,23.96
高雄市,2011,4,楠梓,24.42
新北市,2011,4,萬里,20.35
臺北市,2011,4,萬華,21.82
嘉義市,2011,4,嘉義,23.82
彰化縣,2011,4,彰化,22.7
雲林縣,2011,4,臺西,22.58
臺東縣,2011,4,臺東,22.89
臺南市,2011,4,臺南,24.29
高雄市,2011,4,鳳山,24.78
屏東縣,2011,4,潮州,23.92
彰化縣,2011,4,線西,21.75
高雄市,2011,4,橋頭,24.59
苗栗縣,2011,4,頭份,21.34
桃園市,2011,4,龍潭,20.5
臺中市,2011,4,豐原,22.05
臺東縣,2011,4,關山,21.09
桃園市,2011,4,觀音,21.48
彰化縣,2011,5,二林,26.07
新北市,2011,5,三重,24.75
苗栗縣,2011,5,三義,22.64
新北市,2011,5,土城,25.39
臺北市,2011,5,士林,25.1
臺中市,2011,5,大里,26.87
桃園市,2011,5,大園,23.12
高雄市,2011,5,大寮,27.36
高雄市,2011,5,小港,27.31
臺北市,2011,5,中山,25.4
桃園市,2011,5,中壢,23.86
高雄市,2011,5,仁武,26.95
雲林縣,2011,5,斗六,26.61
宜蘭縣,2011,5,冬山,24.42
臺北市,2011,5,古亭,24.93
高雄市,2011,5,左營,26.89
桃園市,2011,5,平鎮,24.3
新北市,2011,5,永和,24.87
臺南市,2011,5,安南,27.06
嘉義縣,2011,5,朴子,26.36
新北市,2011,5,汐止,24.61
南投縣,2011,5,竹山,25.01
新竹縣,2011,5,竹東,24.31
臺中市,2011,5,西屯,25.97
臺中市,2011,5,沙鹿,25.49
宜蘭縣,2011,5,宜蘭,24.86
臺中市,2011,5,忠明,26.44
新北市,2011,5,林口,23.34
高雄市,2011,5,林園,26.79
新北市,2011,5,板橋,25.56
臺北市,2011,5,松山,24.75
花蓮縣,2011,5,花蓮,25.35
高雄市,2011,5,前金,27.18
高雄市,2011,5,前鎮,27.82
南投縣,2011,5,南投,25.84
屏東縣,2011,5,屏東,27.54
屏東縣,2011,5,恆春,25.68
高雄市,2011,5,美濃,26.86
苗栗縣,2011,5,苗栗,24.84
南投縣,2011,5,埔里,24.7
桃園市,2011,5,桃園,24.68
基隆市,2011,5,基隆,24.18
雲林縣,2011,5,崙背,25.7
高雄市,2011,5,復興,27.28
新竹縣,2011,5,湖口,24.26
臺南市,2011,5,善化,26.96
新北市,2011,5,菜寮,25.08
臺北市,2011,5,陽明,18.99
新竹市,2011,5,新竹,24.97
新北市,2011,5,新店,24.91
新北市,2011,5,新莊,25.46
嘉義縣,2011,5,新港,25.59
臺南市,2011,5,新營,27.01
高雄市,2011,5,楠梓,27.03
新北市,2011,5,萬里,23.98
臺北市,2011,5,萬華,24.88
嘉義市,2011,5,嘉義,26.55
彰化縣,2011,5,彰化,25.95
雲林縣,2011,5,臺西,25.67
臺東縣,2011,5,臺東,25.96
臺南市,2011,5,臺南,27.46
高雄市,2011,5,鳳山,27.41
屏東縣,2011,5,潮州,26.74
彰化縣,2011,5,線西,24.91
高雄市,2011,5,橋頭,27.43
苗栗縣,2011,5,頭份,24.65
桃園市,2011,5,龍潭,23.64
臺中市,2011,5,豐原,24.96
臺東縣,2011,5,關山,24.56
桃園市,2011,5,觀音,24.38
彰化縣,2010,6,二林,27.46
新北市,2010,6,三重,26.78
苗栗縣,2010,6,三義,24.29
新北市,2010,6,土城,26.82
臺北市,2010,6,士林,26.34
臺中市,2010,6,大里,28.21
桃園市,2010,6,大園,26.43
高雄市,2010,6,大寮,28.16
高雄市,2010,6,小港,28.4
臺北市,2010,6,中山,27.14
桃園市,2010,6,中壢,26.17
高雄市,2010,6,仁武,28.87
雲林縣,2010,6,斗六,28.06
宜蘭縣,2010,6,冬山,26.02
臺北市,2010,6,古亭,26.57
高雄市,2010,6,左營,29.95
桃園市,2010,6,平鎮,26.18
新北市,2010,6,永和,26.83
臺南市,2010,6,安南,28.19
嘉義縣,2010,6,朴子,28.1
新北市,2010,6,汐止,26.3
南投縣,2010,6,竹山,26.12
新竹縣,2010,6,竹東,26.12
臺中市,2010,6,西屯,26.42
臺中市,2010,6,沙鹿,26.88
宜蘭縣,2010,6,宜蘭,25.98
臺中市,2010,6,忠明,27.86
新北市,2010,6,林口,25.19
高雄市,2010,6,林園,28.73
新北市,2010,6,板橋,26.89
臺北市,2010,6,松山,26.86
花蓮縣,2010,6,花蓮,27.14
高雄市,2010,6,前金,28.14
高雄市,2010,6,前鎮,29.02
南投縣,2010,6,南投,26.87
屏東縣,2010,6,屏東,28.48
屏東縣,2010,6,恆春,27.96
高雄市,2010,6,美濃,27.33
苗栗縣,2010,6,苗栗,27.02
南投縣,2010,6,埔里,25.09
桃園市,2010,6,桃園,26.06
基隆市,2010,6,基隆,25.9
雲林縣,2010,6,崙背,27.42
高雄市,2010,6,復興,28.57
新竹縣,2010,6,湖口,26.26
臺南市,2010,6,善化,27.6
新北市,2010,6,菜寮,26.84
臺北市,2010,6,陽明,19.29
新竹市,2010,6,新竹,27.19
新北市,2010,6,新店,26.39
新北市,2010,6,新莊,26.43
嘉義縣,2010,6,新港,27.33
臺南市,2010,6,新營,28.14
高雄市,2010,6,楠梓,27.87
新北市,2010,6,萬里,25.48
臺北市,2010,6,萬華,26.63
嘉義市,2010,6,嘉義,27.94
彰化縣,2010,6,彰化,27.3
雲林縣,2010,6,臺西,27.41
臺東縣,2010,6,臺東,27.97
臺南市,2010,6,臺南,28.24
高雄市,2010,6,鳳山,28.48
屏東縣,2010,6,潮州,28.23
彰化縣,2010,6,線西,26.59
高雄市,2010,6,橋頭,28.04
苗栗縣,2010,6,頭份,27.2
桃園市,2010,6,龍潭,25.53
臺中市,2010,6,豐原,26.74
臺東縣,2010,6,關山,27.21
桃園市,2010,6,觀音,26.53
彰化縣,2010,7,二林,29.83
新北市,2010,7,三重,30.84
苗栗縣,2010,7,三義,26.58
新北市,2010,7,土城,30.46
臺北市,2010,7,士林,30.47
臺中市,2010,7,大里,29.47
桃園市,2010,7,大園,30.07
高雄市,2010,7,大寮,29.25
高雄市,2010,7,小港,29.52
臺北市,2010,7,中山,31.09
桃園市,2010,7,中壢,29.82
高雄市,2010,7,仁武,29.67
雲林縣,2010,7,斗六,29.66
宜蘭縣,2010,7,冬山,29.67
臺北市,2010,7,古亭,30.42
高雄市,2010,7,左營,30.47
桃園市,2010,7,平鎮,29.83
新北市,2010,7,永和,30.52
臺南市,2010,7,安南,29.35
嘉義縣,2010,7,朴子,29.52
新北市,2010,7,汐止,30.55
南投縣,2010,7,竹山,27.63
新竹縣,2010,7,竹東,29.17
臺中市,2010,7,西屯,28.71
臺中市,2010,7,沙鹿,29.14
宜蘭縣,2010,7,宜蘭,29.2
臺中市,2010,7,忠明,30.19
新北市,2010,7,林口,29.02
高雄市,2010,7,林園,29.06
新北市,2010,7,板橋,30.91
臺北市,2010,7,松山,30.81
花蓮縣,2010,7,花蓮,29.5
高雄市,2010,7,前金,29.81
高雄市,2010,7,前鎮,30.24
南投縣,2010,7,南投,28.71
屏東縣,2010,7,屏東,29.22
屏東縣,2010,7,恆春,28.64
高雄市,2010,7,美濃,28.15
苗栗縣,2010,7,苗栗,29.94
南投縣,2010,7,埔里,26.66
桃園市,2010,7,桃園,29.49
基隆市,2010,7,基隆,30.16
雲林縣,2010,7,崙背,29.12
高雄市,2010,7,復興,29.45
新竹縣,2010,7,湖口,29.5
臺南市,2010,7,善化,28.62
新北市,2010,7,菜寮,31.07
臺北市,2010,7,陽明,21.73
新竹市,2010,7,新竹,30.27
新北市,2010,7,新店,30.11
新北市,2010,7,新莊,30.99
嘉義縣,2010,7,新港,29.13
臺南市,2010,7,新營,29.37
高雄市,2010,7,楠梓,29.45
新北市,2010,7,萬里,29.22
臺北市,2010,7,萬華,30.79
嘉義市,2010,7,嘉義,29.23
彰化縣,2010,7,彰化,29.93
雲林縣,2010,7,臺西,29.08
臺東縣,2010,7,臺東,29.58
臺南市,2010,7,臺南,29.49
高雄市,2010,7,鳳山,29.55
屏東縣,2010,7,潮州,29.09
彰化縣,2010,7,線西,29.01
高雄市,2010,7,橋頭,29.08
苗栗縣,2010,7,頭份,30.25
桃園市,2010,7,龍潭,28.92
臺中市,2010,7,豐原,28.55
臺東縣,2010,7,關山,29.13
桃園市,2010,7,觀音,29.87
彰化縣,2010,8,二林,29.12
新北市,2010,8,三重,30.26
苗栗縣,2010,8,三義,26.48
新北市,2010,8,土城,30.39
臺北市,2010,8,士林,30.04
桃園市,2010,8,大園,30.09
高雄市,2010,8,大寮,28.66
高雄市,2010,8,小港,29.34
臺北市,2010,8,中山,30.34
高雄市,2010,8,仁武,29.21
雲林縣,2010,8,斗六,29.66
宜蘭縣,2010,8,冬山,29.47
臺北市,2010,8,古亭,30.2
高雄市,2010,8,左營,30
桃園市,2010,8,平鎮,29.92
新北市,2010,8,永和,30.42
臺南市,2010,8,安南,29.44
嘉義縣,2010,8,朴子,29.69
新北市,2010,8,汐止,30.03
南投縣,2010,8,竹山,27.42
新竹縣,2010,8,竹東,29.17
臺中市,2010,8,西屯,29.1
臺中市,2010,8,沙鹿,29.43
宜蘭縣,2010,8,宜蘭,29.22
臺中市,2010,8,忠明,30.07
新北市,2010,8,林口,28.84
高雄市,2010,8,林園,28.88
新北市,2010,8,板橋,30.68
臺北市,2010,8,松山,30
花蓮縣,2010,8,花蓮,29.66
高雄市,2010,8,前金,29.95
高雄市,2010,8,前鎮,30.11
南投縣,2010,8,南投,28.56
屏東縣,2010,8,屏東,29.04
屏東縣,2010,8,恆春,28.69
高雄市,2010,8,美濃,27.93
苗栗縣,2010,8,苗栗,29.69
南投縣,2010,8,埔里,26.67
桃園市,2010,8,桃園,29.42
基隆市,2010,8,基隆,29.76
雲林縣,2010,8,崙背,29.22
高雄市,2010,8,復興,29.37
新竹縣,2010,8,湖口,29.71
臺南市,2010,8,善化,28.67
新北市,2010,8,菜寮,30.76
臺北市,2010,8,陽明,21.83
新竹市,2010,8,新竹,30.22
新北市,2010,8,新店,29.9
新北市,2010,8,新莊,30.86
嘉義縣,2010,8,新港,29.7
臺南市,2010,8,新營,29.39
高雄市,2010,8,楠梓,29.22
新北市,2010,8,萬里,28.88
臺北市,2010,8,萬華,30.95
嘉義市,2010,8,嘉義,29.15
彰化縣,2010,8,彰化,29.88
雲林縣,2010,8,臺西,29.22
臺東縣,2010,8,臺東,29.59
臺南市,2010,8,臺南,29.66
高雄市,2010,8,鳳山,29.32
屏東縣,2010,8,潮州,28.65
彰化縣,2010,8,線西,28.86
高雄市,2010,8,橋頭,29.3
苗栗縣,2010,8,頭份,29.91
桃園市,2010,8,龍潭,29.02
臺中市,2010,8,豐原,28.4
臺東縣,2010,8,關山,28.35
桃園市,2010,8,觀音,30.19
彰化縣,2010,9,二林,27.94
新北市,2010,9,三重,29.04
苗栗縣,2010,9,三義,25.65
新北市,2010,9,土城,29.16
臺北市,2010,9,士林,28.89
臺中市,2010,9,大里,27.74
桃園市,2010,9,大園,28.57
高雄市,2010,9,大寮,27.97
高雄市,2010,9,小港,28.44
臺北市,2010,9,中山,29.2
桃園市,2010,9,中壢,27.85
高雄市,2010,9,仁武,28.22
雲林縣,2010,9,斗六,28.64
宜蘭縣,2010,9,冬山,28.18
臺北市,2010,9,古亭,29.05
高雄市,2010,9,左營,28.65
桃園市,2010,9,平鎮,28.34
新北市,2010,9,永和,29.17
臺南市,2010,9,安南,28.55
嘉義縣,2010,9,朴子,28.42
新北市,2010,9,汐止,28.85
南投縣,2010,9,竹山,26.73
新竹縣,2010,9,竹東,27.93
臺中市,2010,9,西屯,28.17
臺中市,2010,9,沙鹿,28.21
宜蘭縣,2010,9,宜蘭,28.13
臺中市,2010,9,忠明,28.96
新北市,2010,9,林口,27.41
高雄市,2010,9,林園,28.35
新北市,2010,9,板橋,29.38
臺北市,2010,9,松山,28.74
花蓮縣,2010,9,花蓮,28.03
高雄市,2010,9,前金,28.71
高雄市,2010,9,前鎮,29.13
南投縣,2010,9,南投,27.78
屏東縣,2010,9,屏東,28.42
屏東縣,2010,9,恆春,27.4
高雄市,2010,9,美濃,27.14
苗栗縣,2010,9,苗栗,28.21
南投縣,2010,9,埔里,26.25
桃園市,2010,9,桃園,27.81
基隆市,2010,9,基隆,28.48
雲林縣,2010,9,崙背,28.04
高雄市,2010,9,復興,28.56
新竹縣,2010,9,湖口,28.24
臺南市,2010,9,善化,27.86
新北市,2010,9,菜寮,29.59
臺北市,2010,9,陽明,20.61
新竹市,2010,9,新竹,28.75
新北市,2010,9,新店,28.89
新北市,2010,9,新莊,29.55
嘉義縣,2010,9,新港,27.8
臺南市,2010,9,新營,28.33
高雄市,2010,9,楠梓,28.22
新北市,2010,9,萬里,28.1
臺北市,2010,9,萬華,28.79
嘉義市,2010,9,嘉義,28.4
彰化縣,2010,9,彰化,28.5
雲林縣,2010,9,臺西,28.14
臺東縣,2010,9,臺東,27.7
臺南市,2010,9,臺南,28.46
高雄市,2010,9,鳳山,28.14
屏東縣,2010,9,潮州,27.75
彰化縣,2010,9,線西,27.34
高雄市,2010,9,橋頭,28.58
苗栗縣,2010,9,頭份,28.25
桃園市,2010,9,龍潭,27.57
臺中市,2010,9,豐原,27.41
臺東縣,2010,9,關山,26.31
桃園市,2010,9,觀音,28.79
彰化縣,2011,6,二林,29.15
新北市,2011,6,三重,29.26
苗栗縣,2011,6,三義,26.25
新北市,2011,6,土城,29.21
臺北市,2011,6,士林,29.25
臺中市,2011,6,大里,30.53
桃園市,2011,6,大園,27.7
高雄市,2011,6,大寮,29.31
高雄市,2011,6,小港,29.58
臺北市,2011,6,中山,29.77
桃園市,2011,6,中壢,28.08
高雄市,2011,6,仁武,29.38
雲林縣,2011,6,斗六,29.57
宜蘭縣,2011,6,冬山,28.33
臺北市,2011,6,古亭,29.03
高雄市,2011,6,左營,29.45
桃園市,2011,6,平鎮,28.49
新北市,2011,6,永和,29.13
臺南市,2011,6,安南,29.85
嘉義縣,2011,6,朴子,29.23
新北市,2011,6,汐止,29.19
南投縣,2011,6,竹山,27.25
新竹縣,2011,6,竹東,28.35
臺中市,2011,6,西屯,29.13
臺中市,2011,6,沙鹿,29.2
宜蘭縣,2011,6,宜蘭,28.65
臺中市,2011,6,忠明,29.88
新北市,2011,6,林口,27.82
高雄市,2011,6,林園,29.04
新北市,2011,6,板橋,30.15
臺北市,2011,6,松山,29.17
花蓮縣,2011,6,花蓮,28.58
高雄市,2011,6,前金,29.5
高雄市,2011,6,前鎮,29.58
南投縣,2011,6,南投,28.63
屏東縣,2011,6,屏東,29.66
屏東縣,2011,6,恆春,27.35
高雄市,2011,6,美濃,29.21
苗栗縣,2011,6,苗栗,29.17
南投縣,2011,6,埔里,26.62
桃園市,2011,6,桃園,28.68
基隆市,2011,6,基隆,28.42
雲林縣,2011,6,崙背,28.87
雲林縣,2011,6,麥寮,29.85
高雄市,2011,6,復興,29.26
新竹縣,2011,6,湖口,28.55
臺南市,2011,6,善化,29.2
新北市,2011,6,菜寮,29.44
臺北市,2011,6,陽明,22.52
新竹市,2011,6,新竹,29.19
新北市,2011,6,新店,28.95
新北市,2011,6,新莊,29.96
嘉義縣,2011,6,新港,28.56
臺南市,2011,6,新營,29.39
高雄市,2011,6,楠梓,29.61
新北市,2011,6,萬里,28.05
臺北市,2011,6,萬華,29.36
嘉義市,2011,6,嘉義,29.36
彰化縣,2011,6,彰化,29.63
雲林縣,2011,6,臺西,28.79
臺東縣,2011,6,臺東,29.71
臺南市,2011,6,臺南,29.82
高雄市,2011,6,鳳山,29.87
屏東縣,2011,6,潮州,28.84
彰化縣,2011,6,線西,28.48
高雄市,2011,6,橋頭,30.02
苗栗縣,2011,6,頭份,28.87
桃園市,2011,6,龍潭,27.79
臺中市,2011,6,豐原,28.54
臺東縣,2011,6,關山,27.37
桃園市,2011,6,觀音,28.79
彰化縣,2011,7,二林,29.67
新北市,2011,7,三重,29.91
苗栗縣,2011,7,三義,26.16
新北市,2011,7,土城,29.59
臺北市,2011,7,士林,29.81
臺中市,2011,7,大里,30.33
桃園市,2011,7,大園,30.06
高雄市,2011,7,大寮,28.75
高雄市,2011,7,小港,28.97
臺北市,2011,7,中山,30.59
桃園市,2011,7,中壢,28.66
高雄市,2011,7,仁武,28.66
雲林縣,2011,7,斗六,29.03
宜蘭縣,2011,7,冬山,29.34
臺北市,2011,7,古亭,29.81
高雄市,2011,7,左營,28.88
桃園市,2011,7,平鎮,29.11
新北市,2011,7,永和,30.09
臺南市,2011,7,安南,29.53
嘉義縣,2011,7,朴子,29.12
新北市,2011,7,汐止,30.3
南投縣,2011,7,竹山,27.27
新竹縣,2011,7,竹東,28.73
臺中市,2011,7,西屯,28.99
臺中市,2011,7,沙鹿,29.25
宜蘭縣,2011,7,宜蘭,29.58
臺中市,2011,7,忠明,29.63
新北市,2011,7,林口,28.76
高雄市,2011,7,林園,28.41
新北市,2011,7,板橋,30.66
臺北市,2011,7,松山,30.03
花蓮縣,2011,7,花蓮,29.22
高雄市,2011,7,前金,29.16
高雄市,2011,7,前鎮,29.02
南投縣,2011,7,南投,28.58
屏東縣,2011,7,屏東,28.84
屏東縣,2011,7,恆春,27.16
高雄市,2011,7,美濃,28.38
苗栗縣,2011,7,苗栗,29.23
南投縣,2011,7,埔里,26.6
桃園市,2011,7,桃園,29.26
基隆市,2011,7,基隆,29.41
雲林縣,2011,7,崙背,28.77
雲林縣,2011,7,麥寮,29.87
高雄市,2011,7,復興,28.56
新竹縣,2011,7,湖口,28.94
臺南市,2011,7,善化,28.62
新北市,2011,7,菜寮,30.15
臺北市,2011,7,陽明,23.09
新竹市,2011,7,新竹,29.54
新北市,2011,7,新店,29.6
新北市,2011,7,新莊,30.58
嘉義縣,2011,7,新港,28.53
臺南市,2011,7,新營,29.05
高雄市,2011,7,楠梓,28.88
新北市,2011,7,萬里,29.02
臺北市,2011,7,萬華,30.4
嘉義市,2011,7,嘉義,29.04
彰化縣,2011,7,彰化,29.97
雲林縣,2011,7,臺西,28.73
臺東縣,2011,7,臺東,28.89
臺南市,2011,7,臺南,29.48
高雄市,2011,7,鳳山,28.98
屏東縣,2011,7,潮州,27.83
彰化縣,2011,7,線西,28.78
高雄市,2011,7,橋頭,29.4
苗栗縣,2011,7,頭份,29.08
桃園市,2011,7,龍潭,28.37
臺中市,2011,7,豐原,28.37
臺東縣,2011,7,關山,27.66
桃園市,2011,7,觀音,29.41
彰化縣,2011,8,二林,29.63
新北市,2011,8,三重,29.78
苗栗縣,2011,8,三義,26.56
新北市,2011,8,土城,29.62
臺北市,2011,8,士林,29.8
臺中市,2011,8,大里,29.08
桃園市,2011,8,大園,30.53
高雄市,2011,8,大寮,28.97
高雄市,2011,8,小港,29.74
臺北市,2011,8,中山,30.36
桃園市,2011,8,中壢,28.87
高雄市,2011,8,仁武,29.34
雲林縣,2011,8,斗六,29.27
宜蘭縣,2011,8,冬山,29.71
臺北市,2011,8,古亭,29.78
高雄市,2011,8,左營,29.61
桃園市,2011,8,平鎮,29.36
新北市,2011,8,永和,30.12
臺南市,2011,8,安南,30.39
嘉義縣,2011,8,朴子,29.83
新北市,2011,8,汐止,30
南投縣,2011,8,竹山,27.47
新竹縣,2011,8,竹東,29.14
臺中市,2011,8,西屯,29.28
臺中市,2011,8,沙鹿,29.8
宜蘭縣,2011,8,宜蘭,29.79
臺中市,2011,8,忠明,30.09
新北市,2011,8,林口,28.52
高雄市,2011,8,林園,29.05
新北市,2011,8,板橋,29.55
臺北市,2011,8,松山,29.85
花蓮縣,2011,8,花蓮,29.44
高雄市,2011,8,前金,29.76
高雄市,2011,8,前鎮,29.74
南投縣,2011,8,南投,28.78
屏東縣,2011,8,屏東,29.19
屏東縣,2011,8,恆春,27.64
高雄市,2011,8,美濃,29.14
苗栗縣,2011,8,苗栗,29.75
南投縣,2011,8,埔里,27.08
桃園市,2011,8,桃園,29.48
基隆市,2011,8,基隆,29.4
雲林縣,2011,8,崙背,29.21
雲林縣,2011,8,麥寮,30
高雄市,2011,8,復興,29.34
新竹縣,2011,8,湖口,29.52
臺南市,2011,8,善化,29.52
新北市,2011,8,菜寮,30.06
臺北市,2011,8,陽明,23.49
新竹市,2011,8,新竹,30.02
新北市,2011,8,新店,29.32
新北市,2011,8,新莊,30.51
嘉義縣,2011,8,新港,29.07
臺南市,2011,8,新營,29.64
高雄市,2011,8,楠梓,29.67
新北市,2011,8,萬里,28.89
臺北市,2011,8,萬華,31.08
嘉義市,2011,8,嘉義,29.59
彰化縣,2011,8,彰化,30.48
雲林縣,2011,8,臺西,29.36
臺東縣,2011,8,臺東,30.04
臺南市,2011,8,臺南,29.77
高雄市,2011,8,鳳山,29.73
屏東縣,2011,8,潮州,28.3
彰化縣,2011,8,線西,29.19
高雄市,2011,8,橋頭,30
苗栗縣,2011,8,頭份,29.6
桃園市,2011,8,龍潭,28.54
臺中市,2011,8,豐原,28.83
臺東縣,2011,8,關山,27.69
桃園市,2011,8,觀音,29.89
彰化縣,2011,9,二林,27.72
新北市,2011,9,三重,28
苗栗縣,2011,9,三義,24.87
新北市,2011,9,土城,27.99
臺北市,2011,9,士林,28.27
臺中市,2011,9,大里,28.84
桃園市,2011,9,大園,28.5
高雄市,2011,9,大寮,28.14
高雄市,2011,9,小港,28.98
臺北市,2011,9,中山,28.4
桃園市,2011,9,中壢,27.16
高雄市,2011,9,仁武,28.56
雲林縣,2011,9,斗六,28.17
宜蘭縣,2011,9,冬山,26.69
臺北市,2011,9,古亭,27.98
高雄市,2011,9,左營,28.79
桃園市,2011,9,平鎮,27.59
新北市,2011,9,永和,27.94
臺南市,2011,9,安南,29.29
嘉義縣,2011,9,朴子,28.71
新北市,2011,9,汐止,27.68
南投縣,2011,9,竹山,26.63
新竹縣,2011,9,竹東,27.69
臺中市,2011,9,西屯,28.05
臺中市,2011,9,沙鹿,28.11
宜蘭縣,2011,9,宜蘭,27.13
新北市,2011,9,林口,26.52
高雄市,2011,9,林園,28.17
新北市,2011,9,板橋,27.68
臺北市,2011,9,松山,27.56
花蓮縣,2011,9,花蓮,27.67
高雄市,2011,9,前金,29.02
高雄市,2011,9,前鎮,29.24
南投縣,2011,9,南投,27.87
屏東縣,2011,9,屏東,28.41
屏東縣,2011,9,恆春,26.46
高雄市,2011,9,美濃,28.3
苗栗縣,2011,9,苗栗,27.96
南投縣,2011,9,埔里,26.39
桃園市,2011,9,桃園,27.47
基隆市,2011,9,基隆,27.06
雲林縣,2011,9,崙背,27.63
雲林縣,2011,9,麥寮,29.13
高雄市,2011,9,復興,28.72
新竹縣,2011,9,湖口,28.01
臺南市,2011,9,善化,28.24
新北市,2011,9,菜寮,28.09
臺北市,2011,9,陽明,20.48
新竹市,2011,9,新竹,28.21
新北市,2011,9,新店,27.46
新北市,2011,9,新莊,28.64
嘉義縣,2011,9,新港,27.66
臺南市,2011,9,新營,28.54
高雄市,2011,9,楠梓,28.66
新北市,2011,9,萬里,26.67
臺北市,2011,9,萬華,29.03
嘉義市,2011,9,嘉義,28.53
彰化縣,2011,9,彰化,28.98
雲林縣,2011,9,臺西,27.87
臺東縣,2011,9,臺東,27.7
臺南市,2011,9,臺南,29.01
高雄市,2011,9,鳳山,28.9
屏東縣,2011,9,潮州,27.45
彰化縣,2011,9,線西,27.43
高雄市,2011,9,橋頭,29.06
苗栗縣,2011,9,頭份,27.86
桃園市,2011,9,龍潭,26.83
臺中市,2011,9,豐原,27.6
臺東縣,2011,9,關山,25.77
桃園市,2011,9,觀音,27.77
彰化縣,2010,10,二林,25.23
新北市,2010,10,三重,24.75
苗栗縣,2010,10,三義,21.91
新北市,2010,10,土城,25.08
臺北市,2010,10,士林,24.83
臺中市,2010,10,大里,25.37
桃園市,2010,10,大園,24.35
高雄市,2010,10,大寮,26.77
高雄市,2010,10,小港,27.08
臺北市,2010,10,中山,24.89
桃園市,2010,10,中壢,23.64
高雄市,2010,10,仁武,26.61
雲林縣,2010,10,斗六,26.28
宜蘭縣,2010,10,冬山,23.75
臺北市,2010,10,古亭,24.64
高雄市,2010,10,左營,27.09
桃園市,2010,10,平鎮,23.93
新北市,2010,10,永和,24.41
臺南市,2010,10,安南,26.64
嘉義縣,2010,10,朴子,25.87
新北市,2010,10,汐止,24.2
南投縣,2010,10,竹山,24.79
新竹縣,2010,10,竹東,24.43
臺中市,2010,10,西屯,25.41
臺中市,2010,10,沙鹿,25
宜蘭縣,2010,10,宜蘭,23.77
臺中市,2010,10,忠明,26.52
新北市,2010,10,林口,22.67
高雄市,2010,10,林園,27.37
新北市,2010,10,板橋,25.01
臺北市,2010,10,松山,24.24
花蓮縣,2010,10,花蓮,25.63
高雄市,2010,10,前金,27.09
高雄市,2010,10,前鎮,27.66
南投縣,2010,10,南投,25.64
屏東縣,2010,10,屏東,27.04
屏東縣,2010,10,恆春,26.15
高雄市,2010,10,美濃,26.02
苗栗縣,2010,10,苗栗,24.67
南投縣,2010,10,埔里,24.69
桃園市,2010,10,桃園,23.3
基隆市,2010,10,基隆,24.42
雲林縣,2010,10,崙背,25.27
高雄市,2010,10,復興,27.1
新竹縣,2010,10,湖口,24.16
臺南市,2010,10,善化,26.29
新北市,2010,10,菜寮,25.22
臺北市,2010,10,陽明,16.56
新竹市,2010,10,新竹,24.88
新北市,2010,10,新店,24.55
新北市,2010,10,新莊,25.21
嘉義縣,2010,10,新港,25.11
臺南市,2010,10,新營,26.04
高雄市,2010,10,楠梓,26.27
新北市,2010,10,萬里,24.26
臺北市,2010,10,萬華,24.63
嘉義市,2010,10,嘉義,26.18
彰化縣,2010,10,彰化,25.34
雲林縣,2010,10,臺西,25.21
臺東縣,2010,10,臺東,26.06
臺南市,2010,10,臺南,26.6
高雄市,2010,10,鳳山,27.1
屏東縣,2010,10,潮州,26.58
彰化縣,2010,10,線西,24.43
高雄市,2010,10,橋頭,26.92
苗栗縣,2010,10,頭份,24.79
桃園市,2010,10,龍潭,23.35
臺中市,2010,10,豐原,24.54
臺東縣,2010,10,關山,24.3
桃園市,2010,10,觀音,24.69
彰化縣,2010,11,二林,21.33
新北市,2010,11,三重,21.3
苗栗縣,2010,11,三義,18.32
新北市,2010,11,土城,21.75
臺北市,2010,11,士林,21.6
臺中市,2010,11,大里,20.94
桃園市,2010,11,大園,21
高雄市,2010,11,大寮,23.5
高雄市,2010,11,小港,23.77
臺北市,2010,11,中山,21.43
桃園市,2010,11,中壢,20.46
高雄市,2010,11,仁武,23.07
雲林縣,2010,11,斗六,22.12
宜蘭縣,2010,11,冬山,20.25
臺北市,2010,11,古亭,21.31
高雄市,2010,11,左營,23.2
桃園市,2010,11,平鎮,20.74
新北市,2010,11,永和,21.17
臺南市,2010,11,安南,22.69
嘉義縣,2010,11,朴子,21.88
新北市,2010,11,汐止,20.92
南投縣,2010,11,竹山,20.81
新竹縣,2010,11,竹東,20.72
臺中市,2010,11,西屯,21.66
臺中市,2010,11,沙鹿,21.02
宜蘭縣,2010,11,宜蘭,20.06
臺中市,2010,11,忠明,22.15
新北市,2010,11,林口,19.77
高雄市,2010,11,林園,24.32
新北市,2010,11,板橋,21.8
臺北市,2010,11,松山,20.9
花蓮縣,2010,11,花蓮,22.49
高雄市,2010,11,前金,23.28
高雄市,2010,11,前鎮,24.63
南投縣,2010,11,南投,21.52
屏東縣,2010,11,屏東,23.84
屏東縣,2010,11,恆春,23.91
高雄市,2010,11,美濃,22.56
苗栗縣,2010,11,苗栗,20.87
南投縣,2010,11,埔里,20.68
桃園市,2010,11,桃園,20.53
基隆市,2010,11,基隆,21.06
雲林縣,2010,11,崙背,21.52
高雄市,2010,11,復興,23.65
新竹縣,2010,11,湖口,20.65
臺南市,2010,11,善化,22.06
新北市,2010,11,菜寮,21.8
臺北市,2010,11,陽明,13.08
新竹市,2010,11,新竹,21.46
新北市,2010,11,新店,21.58
新北市,2010,11,新莊,21.84
嘉義縣,2010,11,新港,20.97
臺南市,2010,11,新營,22.15
高雄市,2010,11,楠梓,22.57
新北市,2010,11,萬里,21.05
臺北市,2010,11,萬華,21.36
嘉義市,2010,11,嘉義,22.07
彰化縣,2010,11,彰化,21.07
雲林縣,2010,11,臺西,21.52
臺東縣,2010,11,臺東,23.1
臺南市,2010,11,臺南,22.53
高雄市,2010,11,鳳山,23.53
屏東縣,2010,11,潮州,23.53
彰化縣,2010,11,線西,20.61
高雄市,2010,11,橋頭,23.12
苗栗縣,2010,11,頭份,21.05
桃園市,2010,11,龍潭,19.99
臺中市,2010,11,豐原,20.55
臺東縣,2010,11,關山,20.86
桃園市,2010,11,觀音,21.32
彰化縣,2010,12,二林,17.62
新北市,2010,12,三重,17.59
苗栗縣,2010,12,三義,14.76
新北市,2010,12,土城,17.69
臺北市,2010,12,士林,17.49
臺中市,2010,12,大里,17.05
桃園市,2010,12,大園,17.1
高雄市,2010,12,大寮,20.28
高雄市,2010,12,小港,21.01
臺北市,2010,12,中山,17.95
桃園市,2010,12,中壢,16.59
高雄市,2010,12,仁武,20.21
雲林縣,2010,12,斗六,18.86
宜蘭縣,2010,12,冬山,17.14
臺北市,2010,12,古亭,17.77
高雄市,2010,12,左營,20.29
桃園市,2010,12,平鎮,16.91
新北市,2010,12,永和,17.63
臺南市,2010,12,安南,19.75
嘉義縣,2010,12,朴子,18.73
新北市,2010,12,汐止,17.24
南投縣,2010,12,竹山,17.27
新竹縣,2010,12,竹東,16.56
臺中市,2010,12,西屯,18.26
臺中市,2010,12,沙鹿,17.53
宜蘭縣,2010,12,宜蘭,17.37
臺中市,2010,12,忠明,18.29
新北市,2010,12,林口,16.03
高雄市,2010,12,林園,21.36
新北市,2010,12,板橋,18.16
臺北市,2010,12,松山,17.36
花蓮縣,2010,12,花蓮,19.48
高雄市,2010,12,前金,20.73
高雄市,2010,12,前鎮,21.91
南投縣,2010,12,南投,17.82
屏東縣,2010,12,屏東,20.84
屏東縣,2010,12,恆春,21.3
高雄市,2010,12,美濃,19.31
苗栗縣,2010,12,苗栗,16.85
南投縣,2010,12,埔里,16.87
桃園市,2010,12,桃園,16.65
基隆市,2010,12,基隆,17.07
雲林縣,2010,12,崙背,18.16
高雄市,2010,12,復興,20.86
新竹縣,2010,12,湖口,16.73
臺南市,2010,12,善化,19.38
新北市,2010,12,菜寮,18.1
臺北市,2010,12,陽明,11.06
新竹市,2010,12,新竹,17.3
新北市,2010,12,新店,17.52
新北市,2010,12,新莊,17.83
嘉義縣,2010,12,新港,17.67
臺南市,2010,12,新營,19.12
高雄市,2010,12,楠梓,19.67
新北市,2010,12,萬里,17.03
臺北市,2010,12,萬華,17.75
嘉義市,2010,12,嘉義,19.12
彰化縣,2010,12,彰化,17.42
雲林縣,2010,12,臺西,18.52
臺東縣,2010,12,臺東,20.31
臺南市,2010,12,臺南,19.62
高雄市,2010,12,鳳山,20.64
屏東縣,2010,12,潮州,20.31
彰化縣,2010,12,線西,17.12
高雄市,2010,12,橋頭,20.01
苗栗縣,2010,12,頭份,16.8
桃園市,2010,12,龍潭,16.06
臺中市,2010,12,豐原,17.03
臺東縣,2010,12,關山,17.39
桃園市,2010,12,觀音,17.42
彰化縣,2011,10,二林,24.83
新北市,2011,10,三重,24.45
苗栗縣,2011,10,三義,22
新北市,2011,10,土城,24.53
臺北市,2011,10,士林,24.62
臺中市,2011,10,大里,26.02
桃園市,2011,10,大園,22.54
高雄市,2011,10,大寮,26.67
高雄市,2011,10,小港,27.24
臺北市,2011,10,中山,24.9
桃園市,2011,10,中壢,23.7
高雄市,2011,10,仁武,26.69
雲林縣,2011,10,斗六,25.55
宜蘭縣,2011,10,冬山,23.38
臺北市,2011,10,古亭,24.5
高雄市,2011,10,左營,26.62
桃園市,2011,10,平鎮,24.01
新北市,2011,10,永和,24.37
臺南市,2011,10,安南,26.45
嘉義縣,2011,10,朴子,25.77
新北市,2011,10,汐止,24.16
南投縣,2011,10,竹山,24.69
新竹縣,2011,10,竹東,24.67
臺中市,2011,10,西屯,25.46
臺中市,2011,10,沙鹿,25.05
宜蘭縣,2011,10,宜蘭,23.52
臺中市,2011,10,忠明,25.78
新北市,2011,10,林口,22.97
高雄市,2011,10,林園,26.68
新北市,2011,10,板橋,24.44
臺北市,2011,10,松山,24.01
花蓮縣,2011,10,花蓮,25.48
高雄市,2011,10,前金,27.05
高雄市,2011,10,前鎮,27.34
南投縣,2011,10,南投,25.61
屏東縣,2011,10,屏東,27.04
屏東縣,2011,10,恆春,25.03
高雄市,2011,10,美濃,27.04
苗栗縣,2011,10,苗栗,24.83
南投縣,2011,10,埔里,24.92
桃園市,2011,10,桃園,24.01
基隆市,2011,10,基隆,24.05
雲林縣,2011,10,崙背,24.87
雲林縣,2011,10,麥寮,28.49
高雄市,2011,10,復興,26.95
新竹縣,2011,10,湖口,24.39
臺南市,2011,10,善化,26.12
新北市,2011,10,菜寮,24.56
臺北市,2011,10,陽明,17.64
新竹市,2011,10,新竹,24.52
新北市,2011,10,新店,24.06
新北市,2011,10,新莊,25.1
嘉義縣,2011,10,新港,24.75
臺南市,2011,10,新營,25.76
高雄市,2011,10,楠梓,26.69
新北市,2011,10,萬里,24.09
臺北市,2011,10,萬華,25.19
嘉義市,2011,10,嘉義,26.12
彰化縣,2011,10,彰化,25.94
雲林縣,2011,10,臺西,25.06
臺東縣,2011,10,臺東,25.61
臺南市,2011,10,臺南,26.45
高雄市,2011,10,鳳山,27.18
屏東縣,2011,10,潮州,26.09
彰化縣,2011,10,線西,24.54
高雄市,2011,10,橋頭,27.11
苗栗縣,2011,10,頭份,24.81
桃園市,2011,10,龍潭,23.32
臺中市,2011,10,豐原,24.76
臺東縣,2011,10,關山,23.73
桃園市,2011,10,觀音,24.52
彰化縣,2011,11,二林,23.19
新北市,2011,11,三重,23.22
苗栗縣,2011,11,三義,20.69
新北市,2011,11,土城,23.37
臺北市,2011,11,士林,22.98
臺中市,2011,11,大里,23.81
桃園市,2011,11,大園,22.84
高雄市,2011,11,大寮,24.6
高雄市,2011,11,小港,25.51
臺北市,2011,11,中山,23.7
桃園市,2011,11,中壢,22.32
高雄市,2011,11,仁武,24.82
雲林縣,2011,11,斗六,23.76
宜蘭縣,2011,11,冬山,22.15
臺北市,2011,11,古亭,23.39
高雄市,2011,11,左營,24.72
桃園市,2011,11,平鎮,22.56
新北市,2011,11,永和,23.27
臺南市,2011,11,安南,24.31
嘉義縣,2011,11,朴子,23.77
新北市,2011,11,汐止,23.01
南投縣,2011,11,竹山,22.73
新竹縣,2011,11,竹東,23.63
臺中市,2011,11,西屯,23.88
臺中市,2011,11,沙鹿,23.5
宜蘭縣,2011,11,宜蘭,22.45
臺中市,2011,11,忠明,23.71
新北市,2011,11,林口,21.63
高雄市,2011,11,林園,24.86
新北市,2011,11,板橋,23.31
臺北市,2011,11,松山,22.92
花蓮縣,2011,11,花蓮,23.79
高雄市,2011,11,前金,25.11
高雄市,2011,11,前鎮,25.33
南投縣,2011,11,南投,23.59
屏東縣,2011,11,屏東,25.04
屏東縣,2011,11,恆春,24.03
高雄市,2011,11,美濃,24.79
苗栗縣,2011,11,苗栗,23.11
南投縣,2011,11,埔里,22.85
桃園市,2011,11,桃園,22.61
基隆市,2011,11,基隆,22.56
雲林縣,2011,11,崙背,23.41
雲林縣,2011,11,麥寮,24.94
高雄市,2011,11,復興,25.18
新竹縣,2011,11,湖口,22.69
臺南市,2011,11,善化,24.08
新北市,2011,11,菜寮,23.24
臺北市,2011,11,陽明,16.88
新竹市,2011,11,新竹,22.87
新北市,2011,11,新店,23.04
新北市,2011,11,新莊,23.75
嘉義縣,2011,11,新港,22.95
臺南市,2011,11,新營,23.98
高雄市,2011,11,楠梓,24.75
新北市,2011,11,萬里,22.64
臺北市,2011,11,萬華,23.5
嘉義市,2011,11,嘉義,24.13
彰化縣,2011,11,彰化,23.91
雲林縣,2011,11,臺西,23.43
臺東縣,2011,11,臺東,24.03
臺南市,2011,11,臺南,24.36
高雄市,2011,11,鳳山,25.07
屏東縣,2011,11,潮州,24.46
彰化縣,2011,11,線西,22.92
高雄市,2011,11,橋頭,25.12
苗栗縣,2011,11,頭份,23.02
桃園市,2011,11,龍潭,21.94
臺中市,2011,11,豐原,22.98
臺東縣,2011,11,關山,22
桃園市,2011,11,觀音,22.94
彰化縣,2011,12,二林,17.65
新北市,2011,12,三重,17.18
苗栗縣,2011,12,三義,14.24
新北市,2011,12,土城,17.16
臺北市,2011,12,士林,16.76
臺中市,2011,12,大里,17.66
桃園市,2011,12,大園,17.04
高雄市,2011,12,大寮,19.8
高雄市,2011,12,小港,20.28
臺北市,2011,12,中山,17.58
桃園市,2011,12,中壢,15.98
高雄市,2011,12,仁武,19.28
雲林縣,2011,12,斗六,18.24
宜蘭縣,2011,12,冬山,16.95
臺北市,2011,12,古亭,17.21
高雄市,2011,12,左營,19.23
桃園市,2011,12,平鎮,16.15
新北市,2011,12,永和,17.19
臺南市,2011,12,安南,18.69
嘉義縣,2011,12,朴子,18.71
新北市,2011,12,汐止,16.68
南投縣,2011,12,竹山,17.07
新竹縣,2011,12,竹東,17.18
臺中市,2011,12,西屯,18.05
臺中市,2011,12,沙鹿,17.51
宜蘭縣,2011,12,宜蘭,16.32
臺中市,2011,12,忠明,17.6
新北市,2011,12,林口,15.23
高雄市,2011,12,林園,19.98
新北市,2011,12,板橋,17.1
臺北市,2011,12,松山,16.79
花蓮縣,2011,12,花蓮,19.63
高雄市,2011,12,前金,19.62
高雄市,2011,12,前鎮,20.19
南投縣,2011,12,南投,17.88
屏東縣,2011,12,屏東,19.98
屏東縣,2011,12,恆春,20.27
高雄市,2011,12,美濃,19.77
苗栗縣,2011,12,苗栗,16.99
南投縣,2011,12,埔里,18.11
桃園市,2011,12,桃園,16.09
基隆市,2011,12,基隆,16.83
雲林縣,2011,12,崙背,17.89
雲林縣,2011,12,麥寮,19.3
高雄市,2011,12,復興,19.85
新竹縣,2011,12,湖口,16.4
臺南市,2011,12,善化,18.67
新北市,2011,12,菜寮,17.19
臺北市,2011,12,陽明,11.23
新竹市,2011,12,新竹,16.7
新北市,2011,12,新店,16.85
新北市,2011,12,新莊,17.26
嘉義縣,2011,12,新港,17.47
臺南市,2011,12,新營,18.73
高雄市,2011,12,楠梓,19.25
新北市,2011,12,萬里,17.45
臺北市,2011,12,萬華,17.42
嘉義市,2011,12,嘉義,18.49
彰化縣,2011,12,彰化,17.74
雲林縣,2011,12,臺西,18.12
臺東縣,2011,12,臺東,20.1
臺南市,2011,12,臺南,18.84
高雄市,2011,12,鳳山,19.7
屏東縣,2011,12,潮州,19.76
彰化縣,2011,12,線西,17.52
高雄市,2011,12,橋頭,19.69
苗栗縣,2011,12,頭份,16.94
桃園市,2011,12,龍潭,15.56
臺中市,2011,12,豐原,16.58
臺東縣,2011,12,關山,17.67
桃園市,2011,12,觀音,17.28