city,year,month,station,temperature,season
彰化縣,2009,1,二林,15.83,winter
新北市,2009,1,三重,16.35,winter
苗栗縣,2009,1,三義,12.09,winter
新北市,2009,1,土城,15.61,winter
臺北市,2009,1,士林,15.72,winter
臺中市,2009,1,大里,15.22,winter
桃園市,2009,1,大園,15.86,winter
高雄市,2009,1,大寮,18.47,winter
高雄市,2009,1,小港,19.28,winter
臺北市,2009,1,中山,15.18,winter
桃園市,2009,1,中壢,14.46,winter
高雄市,2009,1,仁武,18.09,winter
雲林縣,2009,1,斗六,16.29,winter
宜蘭縣,2009,1,冬山,16.08,winter
臺北市,2009,1,古亭,16.73,winter
高雄市,2009,1,左營,17.68,winter
桃園市,2009,1,平鎮,15.74,winter
新北市,2009,1,永和,15.72,winter
臺南市,2009,1,安南,17.15,winter
嘉義縣,2009,1,朴子,16.22,winter
新北市,2009,1,汐止,16.23,winter
南投縣,2009,1,竹山,15.43,winter
新竹縣,2009,1,竹東,14.66,winter
臺中市,2009,1,西屯,15.39,winter
臺中市,2009,1,沙鹿,14.99,winter
宜蘭縣,2009,1,宜蘭,18.24,winter
臺中市,2009,1,忠明,15.24,winter
新北市,2009,1,林口,13.1,winter
高雄市,2009,1,林園,19.12,winter
新北市,2009,1,板橋,15.78,winter
臺北市,2009,1,松山,15.79,winter
花蓮縣,2009,1,花蓮,18.28,winter
高雄市,2009,1,前金,18.32,winter
高雄市,2009,1,前鎮,18.85,winter
南投縣,2009,1,南投,15.52,winter
屏東縣,2009,1,屏東,18.81,winter
屏東縣,2009,1,恆春,19.92,winter
高雄市,2009,1,美濃,18.45,winter
苗栗縣,2009,1,苗栗,14.87,winter
南投縣,2009,1,埔里,15.2,winter
桃園市,2009,1,桃園,14.96,winter
基隆市,2009,1,基隆,15.65,winter
雲林縣,2009,1,崙背,15.71,winter
高雄市,2009,1,復興,19.1,winter
新竹縣,2009,1,湖口,14.56,winter
臺南市,2009,1,善化,16.47,winter
新北市,2009,1,菜寮,16.06,winter
臺北市,2009,1,陽明,10.04,winter
新竹市,2009,1,新竹,15.66,winter
新北市,2009,1,新店,15.34,winter
新北市,2009,1,新莊,15.11,winter
嘉義縣,2009,1,新港,15.36,winter
臺南市,2009,1,新營,16.7,winter
高雄市,2009,1,楠梓,17.47,winter
新北市,2009,1,萬里,15.62,winter
臺北市,2009,1,萬華,15.66,winter
嘉義市,2009,1,嘉義,16.42,winter
彰化縣,2009,1,彰化,15.09,winter
雲林縣,2009,1,臺西,16.43,winter
臺東縣,2009,1,臺東,19.68,winter
臺南市,2009,1,臺南,17.37,winter
高雄市,2009,1,鳳山,18.08,winter
屏東縣,2009,1,潮州,18.28,winter
彰化縣,2009,1,線西,15.69,winter
高雄市,2009,1,橋頭,17.64,winter
苗栗縣,2009,1,頭份,14.59,winter
桃園市,2009,1,龍潭,13.47,winter
臺中市,2009,1,豐原,14.79,winter
臺東縣,2009,1,關山,17.38,winter
桃園市,2009,1,觀音,14.51,winter
彰化縣,2009,2,二林,21.2,winter
新北市,2009,2,三重,20.85,winter
苗栗縣,2009,2,三義,18,winter
新北市,2009,2,土城,20.24,winter
臺北市,2009,2,士林,20.32,winter
臺中市,2009,2,大里,21.38,winter
桃園市,2009,2,大園,19.23,winter
高雄市,2009,2,大寮,23.43,winter
高雄市,2009,2,小港,24.43,winter
臺北市,2009,2,中山,19.87,winter
桃園市,2009,2,中壢,19.02,winter
高雄市,2009,2,仁武,23.7,winter
雲林縣,2009,2,斗六,21.93,winter
宜蘭縣,2009,2,冬山,19.96,winter
臺北市,2009,2,古亭,20.57,winter
高雄市,2009,2,左營,23.36,winter
桃園市,2009,2,平鎮,19.23,winter
新北市,2009,2,永和,20.37,winter
臺南市,2009,2,安南,22.95,winter
嘉義縣,2009,2,朴子,21.6,winter
新北市,2009,2,汐止,19.75,winter
南投縣,2009,2,竹山,21.17,winter
新竹縣,2009,2,竹東,19.84,winter
臺中市,2009,2,西屯,20.73,winter
臺中市,2009,2,沙鹿,20.5,winter
宜蘭縣,2009,2,宜蘭,20.81,winter
臺中市,2009,2,忠明,20.89,winter
新北市,2009,2,林口,17.85,winter
高雄市,2009,2,林園,23.75,winter
新北市,2009,2,板橋,20.43,winter
臺北市,2009,2,松山,20.13,winter
花蓮縣,2009,2,花蓮,21.68,winter
高雄市,2009,2,前金,23.68,winter
高雄市,2009,2,前鎮,24.05,winter
南投縣,2009,2,南投,21.62,winter
屏東縣,2009,2,屏東,24.57,winter
屏東縣,2009,2,恆春,23.35,winter
高雄市,2009,2,美濃,23.94,winter
苗栗縣,2009,2,苗栗,19.9,winter
南投縣,2009,2,埔里,21.07,winter
桃園市,2009,2,桃園,19.79,winter
基隆市,2009,2,基隆,19.23,winter
雲林縣,2009,2,崙背,21.05,winter
高雄市,2009,2,復興,24.34,winter
新竹縣,2009,2,湖口,19.1,winter
臺南市,2009,2,善化,21.74,winter
新北市,2009,2,菜寮,20.66,winter
臺北市,2009,2,陽明,15.96,winter
新竹市,2009,2,新竹,20.01,winter
新北市,2009,2,新店,20.12,winter
新北市,2009,2,新莊,19.84,winter
嘉義縣,2009,2,新港,21.05,winter
臺南市,2009,2,新營,22.51,winter
高雄市,2009,2,楠梓,23.35,winter
新北市,2009,2,萬里,18.86,winter
臺北市,2009,2,萬華,20.29,winter
嘉義市,2009,2,嘉義,22.14,winter
彰化縣,2009,2,彰化,21.23,winter
雲林縣,2009,2,臺西,21.32,winter
臺東縣,2009,2,臺東,23.07,winter
臺南市,2009,2,臺南,22.84,winter
高雄市,2009,2,鳳山,23.67,winter
屏東縣,2009,2,潮州,23.43,winter
彰化縣,2009,2,線西,21.08,winter
高雄市,2009,2,橋頭,23.42,winter
苗栗縣,2009,2,頭份,19.28,winter
桃園市,2009,2,龍潭,18.45,winter
臺中市,2009,2,豐原,20.66,winter
臺東縣,2009,2,關山,21.54,winter
桃園市,2009,2,觀音,18.55,winter
彰化縣,2009,3,二林,19.98,spring
新北市,2009,3,三重,19.25,spring
苗栗縣,2009,3,三義,16.74,spring
新北市,2009,3,土城,18.69,spring
臺北市,2009,3,士林,18.67,spring
臺中市,2009,3,大里,20.68,spring
桃園市,2009,3,大園,18.21,spring
高雄市,2009,3,大寮,22.92,spring
高雄市,2009,3,小港,24.15,spring
臺北市,2009,3,中山,18.34,spring
桃園市,2009,3,中壢,17.65,spring
高雄市,2009,3,仁武,23.08,spring
雲林縣,2009,3,斗六,20.84,spring
宜蘭縣,2009,3,冬山,19.28,spring
臺北市,2009,3,古亭,19.09,spring
高雄市,2009,3,左營,22.67,spring
桃園市,2009,3,平鎮,17.92,spring
新北市,2009,3,永和,18.93,spring
臺南市,2009,3,安南,21.66,spring
嘉義縣,2009,3,朴子,20.73,spring
新北市,2009,3,汐止,18.46,spring
南投縣,2009,3,竹山,20.03,spring
新竹縣,2009,3,竹東,18.27,spring
臺中市,2009,3,西屯,19.7,spring
臺中市,2009,3,沙鹿,19.21,spring
宜蘭縣,2009,3,宜蘭,19.98,spring
臺中市,2009,3,忠明,19.53,spring
新北市,2009,3,林口,16.37,spring
高雄市,2009,3,林園,23.65,spring
新北市,2009,3,板橋,18.84,spring
臺北市,2009,3,松山,18.76,spring
花蓮縣,2009,3,花蓮,21.18,spring
高雄市,2009,3,前金,23.27,spring
高雄市,2009,3,前鎮,23.72,spring
南投縣,2009,3,南投,20.42,spring
屏東縣,2009,3,屏東,24.05,spring
屏東縣,2009,3,恆春,25.19,spring
高雄市,2009,3,美濃,23.78,spring
苗栗縣,2009,3,苗栗,18.64,spring
南投縣,2009,3,埔里,20.96,spring
桃園市,2009,3,桃園,18.14,spring
基隆市,2009,3,基隆,18.22,spring
雲林縣,2009,3,崙背,19.84,spring
高雄市,2009,3,復興,24.01,spring
新竹縣,2009,3,湖口,17.69,spring
臺南市,2009,3,善化,20.85,spring
新北市,2009,3,菜寮,19.09,spring
臺北市,2009,3,陽明,12.59,spring
新竹市,2009,3,新竹,18.61,spring
新北市,2009,3,新店,18.7,spring
新北市,2009,3,新莊,18.19,spring
嘉義縣,2009,3,新港,19.96,spring
臺南市,2009,3,新營,21.41,spring
高雄市,2009,3,楠梓,22.73,spring
新北市,2009,3,萬里,17.84,spring
臺北市,2009,3,萬華,18.76,spring
嘉義市,2009,3,嘉義,21.04,spring
彰化縣,2009,3,彰化,19.59,spring
雲林縣,2009,3,臺西,20.17,spring
臺東縣,2009,3,臺東,22.83,spring
臺南市,2009,3,臺南,21.73,spring
高雄市,2009,3,鳳山,23.14,spring
屏東縣,2009,3,潮州,23.43,spring
彰化縣,2009,3,線西,20.07,spring
高雄市,2009,3,橋頭,22.8,spring
苗栗縣,2009,3,頭份,18.12,spring
桃園市,2009,3,龍潭,16.82,spring
臺中市,2009,3,豐原,19.21,spring
臺東縣,2009,3,關山,20.77,spring
桃園市,2009,3,觀音,17.52,spring
彰化縣,2009,4,二林,22.71,spring
新北市,2009,4,三重,22.21,spring
苗栗縣,2009,4,三義,19.53,spring
新北市,2009,4,土城,21.44,spring
臺北市,2009,4,士林,21.3,spring
臺中市,2009,4,大里,23.42,spring
桃園市,2009,4,大園,20.33,spring
高雄市,2009,4,大寮,24.79,spring
高雄市,2009,4,小港,25.82,spring
臺北市,2009,4,中山,21.04,spring
桃園市,2009,4,中壢,20.57,spring
高雄市,2009,4,仁武,25.01,spring
雲林縣,2009,4,斗六,23.26,spring
宜蘭縣,2009,4,冬山,20.91,spring
臺北市,2009,4,古亭,21.77,spring
高雄市,2009,4,左營,24.57,spring
桃園市,2009,4,平鎮,20.91,spring
新北市,2009,4,永和,21.65,spring
臺南市,2009,4,安南,23.97,spring
嘉義縣,2009,4,朴子,22.96,spring
新北市,2009,4,汐止,21.14,spring
南投縣,2009,4,竹山,22.32,spring
新竹縣,2009,4,竹東,21.09,spring
臺中市,2009,4,西屯,22.25,spring
臺中市,2009,4,沙鹿,22.53,spring
宜蘭縣,2009,4,宜蘭,21.65,spring
臺中市,2009,4,忠明,22.23,spring
新北市,2009,4,林口,19.32,spring
高雄市,2009,4,林園,25.18,spring
新北市,2009,4,板橋,21.65,spring
臺北市,2009,4,松山,21.42,spring
花蓮縣,2009,4,花蓮,21.95,spring
高雄市,2009,4,前金,25.13,spring
高雄市,2009,4,前鎮,25.43,spring
南投縣,2009,4,南投,22.74,spring
屏東縣,2009,4,屏東,25.16,spring
屏東縣,2009,4,恆春,25.79,spring
高雄市,2009,4,美濃,25.38,spring
苗栗縣,2009,4,苗栗,21.66,spring
南投縣,2009,4,埔里,22.03,spring
桃園市,2009,4,桃園,21.04,spring
基隆市,2009,4,基隆,20.94,spring
雲林縣,2009,4,崙背,22.02,spring
高雄市,2009,4,復興,25.87,spring
新竹縣,2009,4,湖口,21.46,spring
臺南市,2009,4,善化,22.97,spring
新北市,2009,4,菜寮,21.86,spring
臺北市,2009,4,陽明,15.07,spring
新竹市,2009,4,新竹,22.02,spring
新北市,2009,4,新店,21.15,spring
新北市,2009,4,新莊,21.01,spring
嘉義縣,2009,4,新港,22.33,spring
臺南市,2009,4,新營,23.82,spring
高雄市,2009,4,楠梓,24.66,spring
新北市,2009,4,萬里,20.41,spring
臺北市,2009,4,萬華,21.39,spring
嘉義市,2009,4,嘉義,23.46,spring
彰化縣,2009,4,彰化,22.61,spring
雲林縣,2009,4,臺西,22.7,spring
臺東縣,2009,4,臺東,23.39,spring
臺南市,2009,4,臺南,23.92,spring
高雄市,2009,4,鳳山,24.9,spring
屏東縣,2009,4,潮州,24.79,spring
彰化縣,2009,4,線西,23.21,spring
高雄市,2009,4,橋頭,25.11,spring
苗栗縣,2009,4,頭份,21.13,spring
桃園市,2009,4,龍潭,19.64,spring
臺中市,2009,4,豐原,22.08,spring
臺東縣,2009,4,關山,21.42,spring
桃園市,2009,4,觀音,20.88,spring
彰化縣,2009,5,二林,26.08,spring
新北市,2009,5,三重,26.77,spring
苗栗縣,2009,5,三義,23.01,spring
新北市,2009,5,土城,25.44,spring
臺北市,2009,5,士林,25.35,spring
臺中市,2009,5,大里,27.17,spring
桃園市,2009,5,大園,25.2,spring
高雄市,2009,5,大寮,27.07,spring
高雄市,2009,5,小港,28.26,spring
臺北市,2009,5,中山,25.13,spring
桃園市,2009,5,中壢,24.75,spring
高雄市,2009,5,仁武,27.68,spring
雲林縣,2009,5,斗六,26.71,spring
宜蘭縣,2009,5,冬山,24.96,spring
臺北市,2009,5,古亭,25.67,spring
高雄市,2009,5,左營,27.43,spring
桃園市,2009,5,平鎮,25.11,spring
新北市,2009,5,永和,25.7,spring
臺南市,2009,5,安南,27.34,spring
嘉義縣,2009,5,朴子,26.4,spring
新北市,2009,5,汐止,24.65,spring
南投縣,2009,5,竹山,25.52,spring
新竹縣,2009,5,竹東,25.25,spring
臺中市,2009,5,西屯,25.65,spring
臺中市,2009,5,沙鹿,26.15,spring
宜蘭縣,2009,5,宜蘭,25.08,spring
臺中市,2009,5,忠明,25.9,spring
新北市,2009,5,林口,24.05,spring
高雄市,2009,5,林園,27.43,spring
新北市,2009,5,板橋,25.75,spring
臺北市,2009,5,松山,25.2,spring
花蓮縣,2009,5,花蓮,25.21,spring
高雄市,2009,5,前金,27.94,spring
高雄市,2009,5,前鎮,28.09,spring
南投縣,2009,5,南投,26.16,spring
屏東縣,2009,5,屏東,27.55,spring
屏東縣,2009,5,恆春,27.78,spring
高雄市,2009,5,美濃,27.72,spring
苗栗縣,2009,5,苗栗,25.67,spring
南投縣,2009,5,埔里,24.73,spring
桃園市,2009,5,桃園,25.34,spring
基隆市,2009,5,基隆,24.35,spring
雲林縣,2009,5,崙背,25.3,spring
高雄市,2009,5,復興,28.2,spring
新竹縣,2009,5,湖口,25.05,spring
臺南市,2009,5,善化,26.12,spring
新北市,2009,5,菜寮,25.95,spring
臺北市,2009,5,陽明,18.78,spring
新竹市,2009,5,新竹,26.07,spring
新北市,2009,5,新店,24.91,spring
新北市,2009,5,新莊,25.15,spring
嘉義縣,2009,5,新港,25.87,spring
臺南市,2009,5,新營,27.06,spring
高雄市,2009,5,楠梓,27.61,spring
新北市,2009,5,萬里,23.26,spring
臺北市,2009,5,萬華,25.42,spring
嘉義市,2009,5,嘉義,26.81,spring
彰化縣,2009,5,彰化,26.48,spring
雲林縣,2009,5,臺西,26.19,spring
臺東縣,2009,5,臺東,26.28,spring
臺南市,2009,5,臺南,27.28,spring
高雄市,2009,5,鳳山,27.65,spring
屏東縣,2009,5,潮州,26.92,spring
彰化縣,2009,5,線西,26.55,spring
高雄市,2009,5,橋頭,27.95,spring
苗栗縣,2009,5,頭份,25,spring
桃園市,2009,5,龍潭,23.86,spring
臺中市,2009,5,豐原,25.95,spring
臺東縣,2009,5,關山,25,spring
桃園市,2009,5,觀音,25.21,spring
彰化縣,2009,6,二林,28.42,summer
新北市,2009,6,三重,29.04,summer
苗栗縣,2009,6,三義,25.48,summer
新北市,2009,6,土城,28.4,summer
臺北市,2009,6,士林,28.33,summer
臺中市,2009,6,大里,29.28,summer
桃園市,2009,6,大園,28.53,summer
高雄市,2009,6,大寮,28.45,summer
高雄市,2009,6,小港,29.61,summer
臺北市,2009,6,中山,28.33,summer
桃園市,2009,6,中壢,27.52,summer
高雄市,2009,6,仁武,29.2,summer
雲林縣,2009,6,斗六,28.86,summer
宜蘭縣,2009,6,冬山,27.55,summer
臺北市,2009,6,古亭,28.48,summer
高雄市,2009,6,左營,28.93,summer
桃園市,2009,6,平鎮,27.95,summer
新北市,2009,6,永和,28.63,summer
臺南市,2009,6,安南,29.05,summer
嘉義縣,2009,6,朴子,28.35,summer
新北市,2009,6,汐止,27.75,summer
南投縣,2009,6,竹山,27.21,summer
新竹縣,2009,6,竹東,27.61,summer
臺中市,2009,6,西屯,27.65,summer
臺中市,2009,6,沙鹿,27.48,summer
宜蘭縣,2009,6,宜蘭,28.09,summer
臺中市,2009,6,忠明,27.9,summer
新北市,2009,6,林口,26.99,summer
高雄市,2009,6,林園,28.82,summer
新北市,2009,6,板橋,28.53,summer
臺北市,2009,6,松山,28.21,summer
花蓮縣,2009,6,花蓮,28.01,summer
高雄市,2009,6,前金,29.36,summer
高雄市,2009,6,前鎮,29.37,summer
南投縣,2009,6,南投,28.13,summer
屏東縣,2009,6,屏東,28.81,summer
屏東縣,2009,6,恆春,28.66,summer
高雄市,2009,6,美濃,28.81,summer
苗栗縣,2009,6,苗栗,28.64,summer
南投縣,2009,6,埔里,26.27,summer
桃園市,2009,6,桃園,28.51,summer
基隆市,2009,6,基隆,27.5,summer
雲林縣,2009,6,崙背,27.51,summer
高雄市,2009,6,復興,28.48,summer
新竹縣,2009,6,湖口,27.56,summer
臺南市,2009,6,善化,27.67,summer
新北市,2009,6,菜寮,28.83,summer
臺北市,2009,6,陽明,21.47,summer
新竹市,2009,6,新竹,28.7,summer
新北市,2009,6,新店,27.73,summer
新北市,2009,6,新莊,27.97,summer
嘉義縣,2009,6,新港,28.07,summer
臺南市,2009,6,新營,28.66,summer
高雄市,2009,6,楠梓,29.16,summer
新北市,2009,6,萬里,26.47,summer
臺北市,2009,6,萬華,29.1,summer
嘉義市,2009,6,嘉義,28.47,summer
彰化縣,2009,6,彰化,28.99,summer
雲林縣,2009,6,臺西,28.3,summer
臺東縣,2009,6,臺東,28.82,summer
臺南市,2009,6,臺南,28.65,summer
高雄市,2009,6,鳳山,28.9,summer
屏東縣,2009,6,潮州,28.42,summer
彰化縣,2009,6,線西,28.7,summer
高雄市,2009,6,橋頭,28.73,summer
苗栗縣,2009,6,頭份,27.85,summer
桃園市,2009,6,龍潭,26.56,summer
臺中市,2009,6,豐原,27.96,summer
臺東縣,2009,6,關山,27.6,summer
桃園市,2009,6,觀音,28.09,summer
彰化縣,2009,7,二林,29.88,summer
新北市,2009,7,三重,30.92,summer
苗栗縣,2009,7,三義,26.69,summer
新北市,2009,7,土城,30.33,summer
臺北市,2009,7,士林,30.08,summer
臺中市,2009,7,大里,30.63,summer
桃園市,2009,7,大園,30.41,summer
高雄市,2009,7,大寮,29.28,summer
高雄市,2009,7,小港,30.35,summer
臺北市,2009,7,中山,30.86,summer
桃園市,2009,7,中壢,29.39,summer
高雄市,2009,7,仁武,29.93,summer
雲林縣,2009,7,斗六,30.15,summer
宜蘭縣,2009,7,冬山,29.51,summer
臺北市,2009,7,古亭,30.44,summer
高雄市,2009,7,左營,29.54,summer
桃園市,2009,7,平鎮,29.79,summer
新北市,2009,7,永和,30.52,summer
臺南市,2009,7,安南,30.15,summer
嘉義縣,2009,7,朴子,29.49,summer
新北市,2009,7,汐止,29.72,summer
南投縣,2009,7,竹山,28.14,summer
新竹縣,2009,7,竹東,29.32,summer
臺中市,2009,7,西屯,28.94,summer
臺中市,2009,7,沙鹿,28.8,summer
宜蘭縣,2009,7,宜蘭,30.26,summer
臺中市,2009,7,忠明,29.19,summer
新北市,2009,7,林口,28.88,summer
高雄市,2009,7,林園,29.79,summer
新北市,2009,7,板橋,30.48,summer
臺北市,2009,7,松山,30.13,summer
花蓮縣,2009,7,花蓮,29.32,summer
高雄市,2009,7,前金,30.07,summer
高雄市,2009,7,前鎮,30.13,summer
南投縣,2009,7,南投,29.17,summer
屏東縣,2009,7,屏東,29.66,summer
屏東縣,2009,7,恆春,28.6,summer
高雄市,2009,7,美濃,29.98,summer
苗栗縣,2009,7,苗栗,30.3,summer
南投縣,2009,7,埔里,27.63,summer
桃園市,2009,7,桃園,30.37,summer
基隆市,2009,7,基隆,27.58,summer
雲林縣,2009,7,崙背,28.84,summer
高雄市,2009,7,復興,29.53,summer
新竹縣,2009,7,湖口,29.4,summer
臺南市,2009,7,善化,28.89,summer
新北市,2009,7,菜寮,30.7,summer
臺北市,2009,7,陽明,22.63,summer
新竹市,2009,7,新竹,30.36,summer
新北市,2009,7,新店,29.73,summer
新北市,2009,7,新莊,29.98,summer
嘉義縣,2009,7,新港,29.3,summer
臺南市,2009,7,新營,29.79,summer
高雄市,2009,7,楠梓,29.96,summer
新北市,2009,7,萬里,28.46,summer
臺北市,2009,7,萬華,30.29,summer
嘉義市,2009,7,嘉義,29.68,summer
彰化縣,2009,7,彰化,30.38,summer
雲林縣,2009,7,臺西,29.26,summer
臺東縣,2009,7,臺東,29.38,summer
臺南市,2009,7,臺南,29.59,summer
高雄市,2009,7,鳳山,29.55,summer
屏東縣,2009,7,潮州,29.25,summer
彰化縣,2009,7,線西,30.04,summer
高雄市,2009,7,橋頭,29.37,summer
苗栗縣,2009,7,頭份,29.46,summer
桃園市,2009,7,龍潭,28.35,summer
臺中市,2009,7,豐原,29.22,summer
臺東縣,2009,7,關山,28.6,summer
桃園市,2009,7,觀音,29.87,summer
彰化縣,2009,8,二林,29.71,summer
新北市,2009,8,三重,30.74,summer
苗栗縣,2009,8,三義,26.35,summer
新北市,2009,8,土城,30.15,summer
臺北市,2009,8,士林,29.79,summer
臺中市,2009,8,大里,30.29,summer
桃園市,2009,8,大園,30.26,summer
高雄市,2009,8,大寮,29.13,summer
高雄市,2009,8,小港,30.04,summer
臺北市,2009,8,中山,30.7,summer
桃園市,2009,8,中壢,29.2,summer
高雄市,2009,8,仁武,29.87,summer
雲林縣,2009,8,斗六,29.7,summer
宜蘭縣,2009,8,冬山,29.41,summer
臺北市,2009,8,古亭,30.24,summer
高雄市,2009,8,左營,29.57,summer
桃園市,2009,8,平鎮,29.63,summer
新北市,2009,8,永和,30.4,summer
臺南市,2009,8,安南,29.9,summer
嘉義縣,2009,8,朴子,29.34,summer
新北市,2009,8,汐止,29.52,summer
南投縣,2009,8,竹山,27.82,summer
新竹縣,2009,8,竹東,28.94,summer
臺中市,2009,8,西屯,28.8,summer
臺中市,2009,8,沙鹿,28.6,summer
宜蘭縣,2009,8,宜蘭,29.91,summer
臺中市,2009,8,忠明,28.81,summer
新北市,2009,8,林口,28.6,summer
高雄市,2009,8,林園,29.71,summer
新北市,2009,8,板橋,30.14,summer
臺北市,2009,8,松山,29.9,summer
花蓮縣,2009,8,花蓮,29.5,summer
高雄市,2009,8,前金,29.52,summer
高雄市,2009,8,前鎮,30.19,summer
南投縣,2009,8,南投,28.84,summer
屏東縣,2009,8,屏東,29.19,summer
屏東縣,2009,8,恆春,28.64,summer
高雄市,2009,8,美濃,29.4,summer
苗栗縣,2009,8,苗栗,29.75,summer
南投縣,2009,8,埔里,27.34,summer
桃園市,2009,8,桃園,30.28,summer
基隆市,2009,8,基隆,28.92,summer
雲林縣,2009,8,崙背,29.08,summer
高雄市,2009,8,復興,29.58,summer
新竹縣,2009,8,湖口,29.46,summer
臺南市,2009,8,善化,28.86,summer
新北市,2009,8,菜寮,30.4,summer
臺北市,2009,8,陽明,22.81,summer
新竹市,2009,8,新竹,30.17,summer
新北市,2009,8,新店,29.5,summer
新北市,2009,8,新莊,29.6,summer
嘉義縣,2009,8,新港,29.04,summer
臺南市,2009,8,新營,29.67,summer
高雄市,2009,8,楠梓,29.69,summer
新北市,2009,8,萬里,28.3,summer
臺北市,2009,8,萬華,30.01,summer
嘉義市,2009,8,嘉義,29.15,summer
彰化縣,2009,8,彰化,29.97,summer
雲林縣,2009,8,臺西,29.34,summer
臺東縣,2009,8,臺東,29.79,summer
臺南市,2009,8,臺南,29.81,summer
高雄市,2009,8,鳳山,29.29,summer
屏東縣,2009,8,潮州,29.54,summer
彰化縣,2009,8,線西,30.04,summer
高雄市,2009,8,橋頭,29.4,summer
苗栗縣,2009,8,頭份,29.38,summer
桃園市,2009,8,龍潭,28.08,summer
臺中市,2009,8,豐原,28.93,summer
臺東縣,2009,8,關山,29,summer
桃園市,2009,8,觀音,29.8,summer
彰化縣,2009,9,二林,29.65,autumn
新北市,2009,9,三重,29.85,autumn
苗栗縣,2009,9,三義,26.47,autumn
新北市,2009,9,土城,29.89,autumn
臺北市,2009,9,士林,29.09,autumn
臺中市,2009,9,大里,30.87,autumn
桃園市,2009,9,大園,29.65,autumn
高雄市,2009,9,大寮,29.32,autumn
高雄市,2009,9,小港,29.69,autumn
臺北市,2009,9,中山,29.62,autumn
桃園市,2009,9,中壢,28.77,autumn
高雄市,2009,9,仁武,30.04,autumn
雲林縣,2009,9,斗六,29.91,autumn
宜蘭縣,2009,9,冬山,27.67,autumn
臺北市,2009,9,古亭,29.5,autumn
高雄市,2009,9,左營,29.77,autumn
桃園市,2009,9,平鎮,29.24,autumn
新北市,2009,9,永和,29.62,autumn
臺南市,2009,9,安南,29.75,autumn
嘉義縣,2009,9,朴子,29.75,autumn
新北市,2009,9,汐止,28.44,autumn
南投縣,2009,9,竹山,28.1,autumn
新竹縣,2009,9,竹東,29.3,autumn
臺中市,2009,9,西屯,29.19,autumn
臺中市,2009,9,沙鹿,28.86,autumn
宜蘭縣,2009,9,宜蘭,27.98,autumn
臺中市,2009,9,忠明,30.11,autumn
新北市,2009,9,林口,27.82,autumn
高雄市,2009,9,林園,29.68,autumn
新北市,2009,9,板橋,29.45,autumn
臺北市,2009,9,松山,29.04,autumn
花蓮縣,2009,9,花蓮,28.38,autumn
高雄市,2009,9,前金,29.44,autumn
高雄市,2009,9,前鎮,30.43,autumn
南投縣,2009,9,南投,29.22,autumn
屏東縣,2009,9,屏東,29.41,autumn
屏東縣,2009,9,恆春,28.25,autumn
高雄市,2009,9,美濃,29.24,autumn
苗栗縣,2009,9,苗栗,29.87,autumn
南投縣,2009,9,埔里,27.81,autumn
桃園市,2009,9,桃園,29.47,autumn
基隆市,2009,9,基隆,28.64,autumn
雲林縣,2009,9,崙背,29.18,autumn
高雄市,2009,9,復興,29.76,autumn
新竹縣,2009,9,湖口,29.71,autumn
臺南市,2009,9,善化,29.18,autumn
新北市,2009,9,菜寮,29.57,autumn
臺北市,2009,9,陽明,21.4,autumn
新竹市,2009,9,新竹,30.43,autumn
新北市,2009,9,新店,28.91,autumn
新北市,2009,9,新莊,28.93,autumn
嘉義縣,2009,9,新港,29.34,autumn
臺南市,2009,9,新營,29.97,autumn
高雄市,2009,9,楠梓,29.18,autumn
新北市,2009,9,萬里,27.84,autumn
臺北市,2009,9,萬華,29.17,autumn
嘉義市,2009,9,嘉義,29.57,autumn
彰化縣,2009,9,彰化,30.37,autumn
雲林縣,2009,9,臺西,29.38,autumn
臺東縣,2009,9,臺東,29.31,autumn
臺南市,2009,9,臺南,30.02,autumn
高雄市,2009,9,鳳山,29.62,autumn
屏東縣,2009,9,潮州,28.63,autumn
彰化縣,2009,9,線西,30.16,autumn
高雄市,2009,9,橋頭,29.56,autumn
苗栗縣,2009,9,頭份,29.38,autumn
桃園市,2009,9,龍潭,27.85,autumn
臺中市,2009,9,豐原,29.68,autumn
臺東縣,2009,9,關山,27.67,autumn
桃園市,2009,9,觀音,29.23,autumn
彰化縣,2009,10,二林,25.48,autumn
新北市,2009,10,三重,25.2,autumn
苗栗縣,2009,10,三義,21.98,autumn
新北市,2009,10,土城,24.86,autumn
臺北市,2009,10,士林,24.91,autumn
臺中市,2009,10,大里,26.93,autumn
桃園市,2009,10,大園,24.9,autumn
高雄市,2009,10,大寮,26.86,autumn
高雄市,2009,10,小港,27.11,autumn
臺北市,2009,10,中山,25.04,autumn
桃園市,2009,10,中壢,23.7,autumn
高雄市,2009,10,仁武,27.21,autumn
雲林縣,2009,10,斗六,26.22,autumn
宜蘭縣,2009,10,冬山,23.72,autumn
臺北市,2009,10,古亭,24.72,autumn
高雄市,2009,10,左營,26.7,autumn
桃園市,2009,10,平鎮,24.05,autumn
新北市,2009,10,永和,24.54,autumn
臺南市,2009,10,安南,25.87,autumn
嘉義縣,2009,10,朴子,26.05,autumn
新北市,2009,10,汐止,24.01,autumn
南投縣,2009,10,竹山,24.94,autumn
新竹縣,2009,10,竹東,24.53,autumn
臺中市,2009,10,西屯,25.13,autumn
臺中市,2009,10,沙鹿,24.98,autumn
宜蘭縣,2009,10,宜蘭,23.86,autumn
臺中市,2009,10,忠明,26.3,autumn
新北市,2009,10,林口,22.96,autumn
高雄市,2009,10,林園,27.33,autumn
新北市,2009,10,板橋,24.64,autumn
臺北市,2009,10,松山,24.97,autumn
花蓮縣,2009,10,花蓮,25.58,autumn
高雄市,2009,10,前金,26.34,autumn
高雄市,2009,10,前鎮,27.74,autumn
南投縣,2009,10,南投,25.72,autumn
屏東縣,2009,10,屏東,27.21,autumn
屏東縣,2009,10,恆春,26.36,autumn
高雄市,2009,10,美濃,27.05,autumn
苗栗縣,2009,10,苗栗,25.24,autumn
南投縣,2009,10,埔里,25.39,autumn
桃園市,2009,10,桃園,24.38,autumn
基隆市,2009,10,基隆,24.05,autumn
雲林縣,2009,10,崙背,25.18,autumn
高雄市,2009,10,復興,27.14,autumn
新竹縣,2009,10,湖口,24.37,autumn
臺南市,2009,10,善化,25.7,autumn
新北市,2009,10,菜寮,24.95,autumn
臺北市,2009,10,陽明,17.11,autumn
新竹市,2009,10,新竹,25.38,autumn
新北市,2009,10,新店,24.13,autumn
新北市,2009,10,新莊,24.02,autumn
嘉義縣,2009,10,新港,25.16,autumn
臺南市,2009,10,新營,26.25,autumn
高雄市,2009,10,楠梓,26.05,autumn
新北市,2009,10,萬里,23.93,autumn
臺北市,2009,10,萬華,24.32,autumn
嘉義市,2009,10,嘉義,26.1,autumn
彰化縣,2009,10,彰化,25.65,autumn
雲林縣,2009,10,臺西,25.41,autumn
臺東縣,2009,10,臺東,26.67,autumn
臺南市,2009,10,臺南,26.45,autumn
高雄市,2009,10,鳳山,26.83,autumn
屏東縣,2009,10,潮州,26.65,autumn
彰化縣,2009,10,線西,25.65,autumn
高雄市,2009,10,橋頭,26.58,autumn
苗栗縣,2009,10,頭份,24.73,autumn
桃園市,2009,10,龍潭,22.63,autumn
臺中市,2009,10,豐原,25.29,autumn
臺東縣,2009,10,關山,24.61,autumn
桃園市,2009,10,觀音,24.68,autumn
彰化縣,2009,11,二林,22.08,autumn
新北市,2009,11,三重,21.93,autumn
苗栗縣,2009,11,三義,18.48,autumn
新北市,2009,11,土城,22.01,autumn
臺北市,2009,11,士林,21.9,autumn
臺中市,2009,11,大里,22.99,autumn
桃園市,2009,11,大園,21.65,autumn
高雄市,2009,11,大寮,24.05,autumn
高雄市,2009,11,小港,24.16,autumn
臺北市,2009,11,中山,22.3,autumn
桃園市,2009,11,中壢,20.6,autumn
高雄市,2009,11,仁武,24.13,autumn
雲林縣,2009,11,斗六,22.64,autumn
宜蘭縣,2009,11,冬山,21.19,autumn
臺北市,2009,11,古亭,21.95,autumn
高雄市,2009,11,左營,23.52,autumn
桃園市,2009,11,平鎮,20.88,autumn
新北市,2009,11,永和,21.97,autumn
臺南市,2009,11,安南,22.5,autumn
嘉義縣,2009,11,朴子,22.82,autumn
新北市,2009,11,汐止,21.39,autumn
南投縣,2009,11,竹山,21.44,autumn
新竹縣,2009,11,竹東,21.3,autumn
臺中市,2009,11,西屯,21.65,autumn
臺中市,2009,11,沙鹿,21.48,autumn
宜蘭縣,2009,11,宜蘭,21.26,autumn
臺中市,2009,11,忠明,22.48,autumn
新北市,2009,11,林口,19.9,autumn
高雄市,2009,11,林園,24.54,autumn
新北市,2009,11,板橋,21.84,autumn
臺北市,2009,11,松山,22.01,autumn
花蓮縣,2009,11,花蓮,23.09,autumn
高雄市,2009,11,前金,23.35,autumn
高雄市,2009,11,前鎮,24.74,autumn
南投縣,2009,11,南投,22.14,autumn
屏東縣,2009,11,屏東,24.34,autumn
屏東縣,2009,11,恆春,24.51,autumn
高雄市,2009,11,美濃,24.32,autumn
苗栗縣,2009,11,苗栗,21.45,autumn
南投縣,2009,11,埔里,21.88,autumn
桃園市,2009,11,桃園,20.91,autumn
基隆市,2009,11,基隆,21.28,autumn
雲林縣,2009,11,崙背,21.87,autumn
高雄市,2009,11,復興,24.1,autumn
新竹縣,2009,11,湖口,20.82,autumn
臺南市,2009,11,善化,22.52,autumn
新北市,2009,11,菜寮,22.07,autumn
臺北市,2009,11,陽明,14.43,autumn
新竹市,2009,11,新竹,21.73,autumn
新北市,2009,11,新店,21.3,autumn
新北市,2009,11,新莊,21.19,autumn
嘉義縣,2009,11,新港,21.69,autumn
臺南市,2009,11,新營,23.08,autumn
高雄市,2009,11,楠梓,22.9,autumn
新北市,2009,11,萬里,21.16,autumn
臺北市,2009,11,萬華,21.5,autumn
嘉義市,2009,11,嘉義,22.7,autumn
彰化縣,2009,11,彰化,21.89,autumn
雲林縣,2009,11,臺西,22.23,autumn
臺東縣,2009,11,臺東,24.12,autumn
臺南市,2009,11,臺南,23.27,autumn
高雄市,2009,11,鳳山,23.58,autumn
屏東縣,2009,11,潮州,23.99,autumn
彰化縣,2009,11,線西,22.17,autumn
高雄市,2009,11,橋頭,23.43,autumn
苗栗縣,2009,11,頭份,20.97,autumn
桃園市,2009,11,龍潭,19.94,autumn
臺中市,2009,11,豐原,21.39,autumn
臺東縣,2009,11,關山,22.41,autumn
桃園市,2009,11,觀音,21.31,autumn
彰化縣,2009,12,二林,17.68,winter
新北市,2009,12,三重,17.27,winter
苗栗縣,2009,12,三義,14.36,winter
新北市,2009,12,土城,17.61,winter
臺北市,2009,12,士林,17.28,winter
臺中市,2009,12,大里,18.28,winter
桃園市,2009,12,大園,17.36,winter
高雄市,2009,12,大寮,20.28,winter
高雄市,2009,12,小港,20.48,winter
臺北市,2009,12,中山,17.89,winter
桃園市,2009,12,中壢,16.37,winter
高雄市,2009,12,仁武,20.25,winter
雲林縣,2009,12,斗六,18.39,winter
宜蘭縣,2009,12,冬山,17.19,winter
臺北市,2009,12,古亭,17.63,winter
高雄市,2009,12,左營,19.52,winter
桃園市,2009,12,平鎮,16.57,winter
新北市,2009,12,永和,17.48,winter
臺南市,2009,12,安南,17.89,winter
嘉義縣,2009,12,朴子,18.55,winter
新北市,2009,12,汐止,17.14,winter
南投縣,2009,12,竹山,17.27,winter
新竹縣,2009,12,竹東,16.71,winter
臺中市,2009,12,西屯,17.5,winter
臺中市,2009,12,沙鹿,16.68,winter
宜蘭縣,2009,12,宜蘭,17.14,winter
臺中市,2009,12,忠明,18.09,winter
新北市,2009,12,林口,15.49,winter
高雄市,2009,12,林園,20.97,winter
新北市,2009,12,板橋,17.4,winter
臺北市,2009,12,松山,17.41,winter
花蓮縣,2009,12,花蓮,19.19,winter
高雄市,2009,12,前金,19.38,winter
高雄市,2009,12,前鎮,20.96,winter
南投縣,2009,12,南投,17.73,winter
屏東縣,2009,12,屏東,20.52,winter
屏東縣,2009,12,恆春,21.29,winter
高雄市,2009,12,美濃,20.53,winter
苗栗縣,2009,12,苗栗,17,winter
南投縣,2009,12,埔里,17.61,winter
桃園市,2009,12,桃園,16.38,winter
基隆市,2009,12,基隆,17.12,winter
雲林縣,2009,12,崙背,17.75,winter
高雄市,2009,12,復興,20.37,winter
新竹縣,2009,12,湖口,16.52,winter
臺南市,2009,12,善化,18.26,winter
新北市,2009,12,菜寮,17.55,winter
臺北市,2009,12,陽明,12.15,winter
新竹市,2009,12,新竹,17.49,winter
新北市,2009,12,新店,16.99,winter
新北市,2009,12,新莊,16.6,winter
嘉義縣,2009,12,新港,17.33,winter
臺南市,2009,12,新營,18.73,winter
高雄市,2009,12,楠梓,18.8,winter
新北市,2009,12,萬里,17.14,winter
臺北市,2009,12,萬華,17.08,winter
嘉義市,2009,12,嘉義,18.46,winter
彰化縣,2009,12,彰化,17.16,winter
雲林縣,2009,12,臺西,18.1,winter
臺東縣,2009,12,臺東,20.07,winter
臺南市,2009,12,臺南,18.97,winter
高雄市,2009,12,鳳山,19.9,winter
屏東縣,2009,12,潮州,20.25,winter
彰化縣,2009,12,線西,17.68,winter
高雄市,2009,12,橋頭,19.26,winter
苗栗縣,2009,12,頭份,16.77,winter
桃園市,2009,12,龍潭,15.19,winter
臺中市,2009,12,豐原,16.93,winter
臺東縣,2009,12,關山,18.25,winter
桃園市,2009,12,觀音,17.09,winter
彰化縣,2010,1,二林,16.98,winter
新北市,2010,1,三重,16.95,winter
苗栗縣,2010,1,三義,13.97,winter
新北市,2010,1,土城,17.22,winter
臺北市,2010,1,士林,17.13,winter
臺中市,2010,1,大里,17.68,winter
桃園市,2010,1,大園,17.12,winter
高雄市,2010,1,大寮,20.01,winter
高雄市,2010,1,小港,20.08,winter
臺北市,2010,1,中山,17.62,winter
桃園市,2010,1,中壢,15.93,winter
高雄市,2010,1,仁武,19.82,winter
雲林縣,2010,1,斗六,17.89,winter
宜蘭縣,2010,1,冬山,16.69,winter
臺北市,2010,1,古亭,17.22,winter
桃園市,2010,1,平鎮,16.18,winter
新北市,2010,1,永和,17.37,winter
臺南市,2010,1,安南,17.48,winter
嘉義縣,2010,1,朴子,18.03,winter
新北市,2010,1,汐止,17,winter
南投縣,2010,1,竹山,16.77,winter
新竹縣,2010,1,竹東,16.26,winter
臺中市,2010,1,西屯,17.22,winter
臺中市,2010,1,沙鹿,16.37,winter
宜蘭縣,2010,1,宜蘭,16.61,winter
臺中市,2010,1,忠明,17.65,winter
新北市,2010,1,林口,15.48,winter
高雄市,2010,1,林園,20.55,winter
新北市,2010,1,板橋,17.2,winter
臺北市,2010,1,松山,17.21,winter
花蓮縣,2010,1,花蓮,18.89,winter
高雄市,2010,1,前金,18.97,winter
高雄市,2010,1,前鎮,20.5,winter
南投縣,2010,1,南投,17.34,winter
屏東縣,2010,1,屏東,20.22,winter
屏東縣,2010,1,恆春,21.26,winter
高雄市,2010,1,美濃,19.47,winter
苗栗縣,2010,1,苗栗,16.16,winter
南投縣,2010,1,埔里,17.32,winter
桃園市,2010,1,桃園,16.43,winter
基隆市,2010,1,基隆,16.64,winter
雲林縣,2010,1,崙背,17.25,winter
高雄市,2010,1,復興,19.91,winter
新竹縣,2010,1,湖口,15.72,winter
臺南市,2010,1,善化,17.88,winter
新北市,2010,1,菜寮,17.32,winter
臺北市,2010,1,陽明,12.21,winter
新竹市,2010,1,新竹,16.79,winter
新北市,2010,1,新店,16.91,winter
新北市,2010,1,新莊,16.52,winter
嘉義縣,2010,1,新港,16.77,winter
臺南市,2010,1,新營,18.34,winter
高雄市,2010,1,楠梓,18.41,winter
新北市,2010,1,萬里,16.51,winter
臺北市,2010,1,萬華,16.79,winter
嘉義市,2010,1,嘉義,17.98,winter
彰化縣,2010,1,彰化,16.49,winter
雲林縣,2010,1,臺西,17.3,winter
臺東縣,2010,1,臺東,20.17,winter
臺南市,2010,1,臺南,18.53,winter
高雄市,2010,1,鳳山,19.68,winter
屏東縣,2010,1,潮州,20.08,winter
彰化縣,2010,1,線西,16.89,winter
高雄市,2010,1,橋頭,18.83,winter
苗栗縣,2010,1,頭份,16.19,winter
桃園市,2010,1,龍潭,14.91,winter
臺中市,2010,1,豐原,16.44,winter
臺東縣,2010,1,關山,18.21,winter
桃園市,2010,1,觀音,16.14,winter
彰化縣,2010,2,二林,18.59,winter
新北市,2010,2,三重,17.55,winter
苗栗縣,2010,2,三義,15.52,winter
新北市,2010,2,土城,17.9,winter
臺北市,2010,2,士林,17.59,winter
臺中市,2010,2,大里,19.19,winter
桃園市,2010,2,大園,17.8,winter
高雄市,2010,2,大寮,21.67,winter
高雄市,2010,2,小港,21.79,winter
臺北市,2010,2,中山,18.32,winter
桃園市,2010,2,中壢,16.66,winter
高雄市,2010,2,仁武,21.54,winter
雲林縣,2010,2,斗六,19.41,winter
宜蘭縣,2010,2,冬山,18.27,winter
臺北市,2010,2,古亭,17.94,winter
高雄市,2010,2,左營,21,winter
桃園市,2010,2,平鎮,16.66,winter
新北市,2010,2,永和,18.18,winter
臺南市,2010,2,安南,19.82,winter
嘉義縣,2010,2,朴子,19.8,winter
新北市,2010,2,汐止,17.95,winter
南投縣,2010,2,竹山,18.15,winter
新竹縣,2010,2,竹東,17.24,winter
臺中市,2010,2,西屯,18.45,winter
臺中市,2010,2,沙鹿,18.02,winter
宜蘭縣,2010,2,宜蘭,18.35,winter
臺中市,2010,2,忠明,18.95,winter
新北市,2010,2,林口,16.02,winter
高雄市,2010,2,林園,22.35,winter
新北市,2010,2,板橋,17.87,winter
臺北市,2010,2,松山,18.69,winter
花蓮縣,2010,2,花蓮,20.53,winter
高雄市,2010,2,前金,20.71,winter
高雄市,2010,2,前鎮,22.14,winter
南投縣,2010,2,南投,18.74,winter
屏東縣,2010,2,屏東,22.05,winter
屏東縣,2010,2,恆春,23.2,winter
高雄市,2010,2,美濃,21.06,winter
苗栗縣,2010,2,苗栗,17.32,winter
南投縣,2010,2,埔里,18.67,winter
桃園市,2010,2,桃園,17.25,winter
基隆市,2010,2,基隆,17.26,winter
雲林縣,2010,2,崙背,19.07,winter
高雄市,2010,2,復興,21.6,winter
新竹縣,2010,2,湖口,16.48,winter
臺南市,2010,2,善化,19.71,winter
新北市,2010,2,菜寮,17.71,winter
臺北市,2010,2,陽明,11.72,winter
新竹市,2010,2,新竹,17.45,winter
新北市,2010,2,新店,17.58,winter
新北市,2010,2,新莊,17.01,winter
嘉義縣,2010,2,新港,18.62,winter
臺南市,2010,2,新營,20.16,winter
高雄市,2010,2,楠梓,20.37,winter
新北市,2010,2,萬里,17.05,winter
臺北市,2010,2,萬華,17.85,winter
嘉義市,2010,2,嘉義,19.65,winter
彰化縣,2010,2,彰化,17.95,winter
雲林縣,2010,2,臺西,18.82,winter
臺東縣,2010,2,臺東,22.14,winter
臺南市,2010,2,臺南,20.32,winter
高雄市,2010,2,鳳山,21.21,winter
屏東縣,2010,2,潮州,21.93,winter
彰化縣,2010,2,線西,18.23,winter
高雄市,2010,2,橋頭,20.61,winter
苗栗縣,2010,2,頭份,17.08,winter
桃園市,2010,2,龍潭,16.16,winter
臺中市,2010,2,豐原,17.86,winter
臺東縣,2010,2,關山,20.31,winter
桃園市,2010,2,觀音,16.71,winter
彰化縣,2010,3,二林,21.15,spring
新北市,2010,3,三重,19.89,spring
苗栗縣,2010,3,三義,17.76,spring
新北市,2010,3,土城,20.36,spring
臺北市,2010,3,士林,19.87,spring
臺中市,2010,3,大里,22.01,spring
桃園市,2010,3,大園,18.79,spring
高雄市,2010,3,大寮,23.66,spring
高雄市,2010,3,小港,23.84,spring
臺北市,2010,3,中山,20.54,spring
桃園市,2010,3,中壢,19.13,spring
高雄市,2010,3,仁武,23.86,spring
雲林縣,2010,3,斗六,22.12,spring
宜蘭縣,2010,3,冬山,19.9,spring
臺北市,2010,3,古亭,20.21,spring
高雄市,2010,3,左營,23.26,spring
桃園市,2010,3,平鎮,19.06,spring
新北市,2010,3,永和,20.44,spring
臺南市,2010,3,安南,22.48,spring
嘉義縣,2010,3,朴子,22.3,spring
新北市,2010,3,汐止,19.71,spring
南投縣,2010,3,竹山,20.82,spring
新竹縣,2010,3,竹東,19.23,spring
臺中市,2010,3,西屯,20.86,spring
臺中市,2010,3,沙鹿,19.7,spring
宜蘭縣,2010,3,宜蘭,19.81,spring
臺中市,2010,3,忠明,21.69,spring
新北市,2010,3,林口,18.22,spring
高雄市,2010,3,林園,23.95,spring
新北市,2010,3,板橋,20.19,spring
臺北市,2010,3,松山,20.39,spring
花蓮縣,2010,3,花蓮,21.74,spring
高雄市,2010,3,前金,23.12,spring
高雄市,2010,3,前鎮,24.45,spring
南投縣,2010,3,南投,21.53,spring
屏東縣,2010,3,屏東,24.07,spring
屏東縣,2010,3,恆春,23.86,spring
高雄市,2010,3,美濃,23.11,spring
苗栗縣,2010,3,苗栗,19.48,spring
南投縣,2010,3,埔里,20.8,spring
桃園市,2010,3,桃園,19.63,spring
基隆市,2010,3,基隆,19.06,spring
雲林縣,2010,3,崙背,21.25,spring
高雄市,2010,3,復興,23.88,spring
新竹縣,2010,3,湖口,18.79,spring
臺南市,2010,3,善化,22.02,spring
新北市,2010,3,菜寮,20.08,spring
臺北市,2010,3,陽明,12.75,spring
新竹市,2010,3,新竹,19.68,spring
新北市,2010,3,新店,20.02,spring
新北市,2010,3,新莊,19.41,spring
嘉義縣,2010,3,新港,21.18,spring
臺南市,2010,3,新營,22.54,spring
高雄市,2010,3,楠梓,22.82,spring
新北市,2010,3,萬里,18.66,spring
臺北市,2010,3,萬華,20.14,spring
嘉義市,2010,3,嘉義,22.79,spring
彰化縣,2010,3,彰化,20.63,spring
雲林縣,2010,3,臺西,21.07,spring
臺東縣,2010,3,臺東,22.69,spring
臺南市,2010,3,臺南,22.91,spring
高雄市,2010,3,鳳山,23.93,spring
屏東縣,2010,3,潮州,23.64,spring
彰化縣,2010,3,線西,20.65,spring
高雄市,2010,3,橋頭,23.09,spring
苗栗縣,2010,3,頭份,19.21,spring
桃園市,2010,3,龍潭,18.63,spring
臺中市,2010,3,豐原,20.45,spring
臺東縣,2010,3,關山,20.97,spring
桃園市,2010,3,觀音,18.98,spring
彰化縣,2010,4,二林,22.03,spring
新北市,2010,4,三重,20.99,spring
苗栗縣,2010,4,三義,18.73,spring
新北市,2010,4,土城,21.32,spring
臺北市,2010,4,士林,20.85,spring
臺中市,2010,4,大里,23.02,spring
桃園市,2010,4,大園,19.6,spring
高雄市,2010,4,大寮,24.95,spring
高雄市,2010,4,小港,25.06,spring
臺北市,2010,4,中山,21.43,spring
桃園市,2010,4,中壢,20.21,spring
高雄市,2010,4,仁武,25.13,spring
雲林縣,2010,4,斗六,22.95,spring
宜蘭縣,2010,4,冬山,20.82,spring
臺北市,2010,4,古亭,21.02,spring
高雄市,2010,4,左營,24.84,spring
桃園市,2010,4,平鎮,20.21,spring
新北市,2010,4,永和,21.31,spring
臺南市,2010,4,安南,23.34,spring
嘉義縣,2010,4,朴子,23.06,spring
新北市,2010,4,汐止,20.76,spring
南投縣,2010,4,竹山,21.58,spring
新竹縣,2010,4,竹東,20.38,spring
臺中市,2010,4,西屯,21.8,spring
臺中市,2010,4,沙鹿,21.91,spring
宜蘭縣,2010,4,宜蘭,20.77,spring
臺中市,2010,4,忠明,22.55,spring
新北市,2010,4,林口,19.4,spring
高雄市,2010,4,林園,25.47,spring
新北市,2010,4,板橋,21.13,spring
臺北市,2010,4,松山,21.29,spring
花蓮縣,2010,4,花蓮,22.6,spring
高雄市,2010,4,前金,24.15,spring
高雄市,2010,4,前鎮,25.51,spring
南投縣,2010,4,南投,22.26,spring
屏東縣,2010,4,屏東,25.37,spring
屏東縣,2010,4,恆春,24.93,spring
高雄市,2010,4,美濃,24.39,spring
苗栗縣,2010,4,苗栗,20.73,spring
南投縣,2010,4,埔里,21.95,spring
桃園市,2010,4,桃園,20.52,spring
基隆市,2010,4,基隆,20.44,spring
雲林縣,2010,4,崙背,22.23,spring
高雄市,2010,4,復興,24.94,spring
新竹縣,2010,4,湖口,20.04,spring
臺南市,2010,4,善化,23.09,spring
新北市,2010,4,菜寮,20.98,spring
臺北市,2010,4,陽明,13.38,spring
新竹市,2010,4,新竹,20.95,spring
新北市,2010,4,新店,20.96,spring
新北市,2010,4,新莊,20.28,spring
嘉義縣,2010,4,新港,21.98,spring
臺南市,2010,4,新營,23.41,spring
高雄市,2010,4,楠梓,24.02,spring
新北市,2010,4,萬里,19.98,spring
臺北市,2010,4,萬華,20.93,spring
嘉義市,2010,4,嘉義,23.21,spring
彰化縣,2010,4,彰化,21.65,spring
雲林縣,2010,4,臺西,22,spring
臺東縣,2010,4,臺東,23.84,spring
臺南市,2010,4,臺南,23.88,spring
高雄市,2010,4,鳳山,25.05,spring
屏東縣,2010,4,潮州,25.09,spring
彰化縣,2010,4,線西,21.65,spring
高雄市,2010,4,橋頭,24.31,spring
苗栗縣,2010,4,頭份,20.68,spring
桃園市,2010,4,龍潭,19.69,spring
臺中市,2010,4,豐原,21.51,spring
臺東縣,2010,4,關山,22.5,spring
桃園市,2010,4,觀音,20.26,spring
彰化縣,2010,5,二林,26.38,spring
新北市,2010,5,三重,25.64,spring
苗栗縣,2010,5,三義,23.36,spring
新北市,2010,5,土城,25.96,spring
臺北市,2010,5,士林,25.43,spring
臺中市,2010,5,大里,27.8,spring
桃園市,2010,5,大園,24.45,spring
高雄市,2010,5,大寮,27.92,spring
高雄市,2010,5,小港,27.92,spring
臺北市,2010,5,中山,26.13,spring
桃園市,2010,5,中壢,24.91,spring
高雄市,2010,5,仁武,28.66,spring
雲林縣,2010,5,斗六,27.35,spring
宜蘭縣,2010,5,冬山,25.15,spring
臺北市,2010,5,古亭,25.72,spring
高雄市,2010,5,左營,28.76,spring
桃園市,2010,5,平鎮,24.86,spring
新北市,2010,5,永和,26.07,spring
臺南市,2010,5,安南,27.5,spring
嘉義縣,2010,5,朴子,27.12,spring
新北市,2010,5,汐止,25.31,spring
南投縣,2010,5,竹山,25.81,spring
新竹縣,2010,5,竹東,24.76,spring
臺中市,2010,5,西屯,25.83,spring
臺中市,2010,5,沙鹿,26.11,spring
宜蘭縣,2010,5,宜蘭,25.1,spring
臺中市,2010,5,忠明,27.17,spring
新北市,2010,5,林口,23.93,spring
高雄市,2010,5,林園,28.18,spring
新北市,2010,5,板橋,25.93,spring
臺北市,2010,5,松山,25.74,spring
花蓮縣,2010,5,花蓮,26.09,spring
高雄市,2010,5,前金,27.25,spring
高雄市,2010,5,前鎮,28.59,spring
南投縣,2010,5,南投,26.79,spring
屏東縣,2010,5,屏東,28.47,spring
屏東縣,2010,5,恆春,27.35,spring
高雄市,2010,5,美濃,27.71,spring
苗栗縣,2010,5,苗栗,25.41,spring
南投縣,2010,5,埔里,25.49,spring
桃園市,2010,5,桃園,25.22,spring
基隆市,2010,5,基隆,24.77,spring
雲林縣,2010,5,崙背,26.26,spring
高雄市,2010,5,復興,27.88,spring
新竹縣,2010,5,湖口,24.78,spring
臺南市,2010,5,善化,26.9,spring
新北市,2010,5,菜寮,25.89,spring
臺北市,2010,5,陽明,18,spring
新竹市,2010,5,新竹,25.51,spring
新北市,2010,5,新店,25.58,spring
新北市,2010,5,新莊,25.08,spring
嘉義縣,2010,5,新港,26.34,spring
臺南市,2010,5,新營,27.35,spring
高雄市,2010,5,楠梓,27.36,spring
新北市,2010,5,萬里,23.98,spring
臺北市,2010,5,萬華,25.72,spring
嘉義市,2010,5,嘉義,27.43,spring
彰化縣,2010,5,彰化,26.25,spring
雲林縣,2010,5,臺西,26.1,spring
臺東縣,2010,5,臺東,26.9,spring
臺南市,2010,5,臺南,27.65,spring
高雄市,2010,5,鳳山,28.42,spring
屏東縣,2010,5,潮州,28.08,spring
彰化縣,2010,5,線西,25.61,spring
高雄市,2010,5,橋頭,27.71,spring
苗栗縣,2010,5,頭份,25.4,spring
桃園市,2010,5,龍潭,24.27,spring
臺中市,2010,5,豐原,26.01,spring
臺東縣,2010,5,關山,25.88,spring
桃園市,2010,5,觀音,24.82,spring
彰化縣,2011,1,二林,14.82,winter
新北市,2011,1,三重,13.93,winter
苗栗縣,2011,1,三義,10.86,winter
新北市,2011,1,土城,14.12,winter
臺北市,2011,1,士林,14.31,winter
臺中市,2011,1,大里,13.78,winter
桃園市,2011,1,大園,14.56,winter
高雄市,2011,1,大寮,16.8,winter
高雄市,2011,1,小港,17.42,winter
臺北市,2011,1,中山,14.13,winter
桃園市,2011,1,中壢,12.73,winter
高雄市,2011,1,仁武,16.46,winter
雲林縣,2011,1,斗六,15.54,winter
宜蘭縣,2011,1,冬山,14.02,winter
臺北市,2011,1,古亭,13.94,winter
高雄市,2011,1,左營,16.69,winter
桃園市,2011,1,平鎮,13.02,winter
新北市,2011,1,永和,13.92,winter
臺南市,2011,1,安南,15.25,winter
嘉義縣,2011,1,朴子,15.58,winter
新北市,2011,1,汐止,13.64,winter
南投縣,2011,1,竹山,14.19,winter
新竹縣,2011,1,竹東,13.82,winter
臺中市,2011,1,西屯,15.01,winter
臺中市,2011,1,沙鹿,13.82,winter
宜蘭縣,2011,1,宜蘭,13.93,winter
臺中市,2011,1,忠明,14.47,winter
新北市,2011,1,林口,11.99,winter
高雄市,2011,1,林園,18.04,winter
新北市,2011,1,板橋,14.38,winter
臺北市,2011,1,松山,13.66,winter
花蓮縣,2011,1,花蓮,16.95,winter
高雄市,2011,1,前金,17.11,winter
高雄市,2011,1,前鎮,17.83,winter
南投縣,2011,1,南投,14.75,winter
屏東縣,2011,1,屏東,17.62,winter
屏東縣,2011,1,恆春,18.89,winter
高雄市,2011,1,美濃,16.32,winter
苗栗縣,2011,1,苗栗,13.62,winter
南投縣,2011,1,埔里,15.45,winter
桃園市,2011,1,桃園,12.92,winter
基隆市,2011,1,基隆,14.04,winter
雲林縣,2011,1,崙背,14.98,winter
高雄市,2011,1,復興,17.17,winter
新竹縣,2011,1,湖口,13.11,winter
臺南市,2011,1,善化,16.89,winter
新北市,2011,1,菜寮,14.51,winter
臺北市,2011,1,陽明,7.43,winter
新竹市,2011,1,新竹,13.71,winter
新北市,2011,1,新店,13.73,winter
新北市,2011,1,新莊,14.47,winter
嘉義縣,2011,1,新港,14.46,winter
臺南市,2011,1,新營,15.78,winter
高雄市,2011,1,楠梓,15.99,winter
新北市,2011,1,萬里,14.5,winter
臺北市,2011,1,萬華,13.93,winter
嘉義市,2011,1,嘉義,15.41,winter
彰化縣,2011,1,彰化,14.02,winter
雲林縣,2011,1,臺西,15.27,winter
臺東縣,2011,1,臺東,18.12,winter
臺南市,2011,1,臺南,15.93,winter
高雄市,2011,1,鳳山,17.03,winter
屏東縣,2011,1,潮州,17.8,winter
彰化縣,2011,1,線西,14.29,winter
高雄市,2011,1,橋頭,16.47,winter
苗栗縣,2011,1,頭份,13.6,winter
桃園市,2011,1,龍潭,12.49,winter
臺中市,2011,1,豐原,13.15,winter
臺東縣,2011,1,關山,15.24,winter
桃園市,2011,1,觀音,14.84,winter
彰化縣,2011,2,二林,16.6,winter
新北市,2011,2,三重,16.68,winter
苗栗縣,2011,2,三義,13.77,winter
新北市,2011,2,土城,17.02,winter
臺北市,2011,2,士林,16.8,winter
臺中市,2011,2,大里,16.35,winter
桃園市,2011,2,大園,15.8,winter
高雄市,2011,2,大寮,19.72,winter
高雄市,2011,2,小港,20.15,winter
臺北市,2011,2,中山,17.18,winter
桃園市,2011,2,中壢,15.23,winter
高雄市,2011,2,仁武,19.29,winter
雲林縣,2011,2,斗六,17.65,winter
宜蘭縣,2011,2,冬山,17.13,winter
臺北市,2011,2,古亭,17.19,winter
高雄市,2011,2,左營,19.2,winter
桃園市,2011,2,平鎮,15.56,winter
新北市,2011,2,永和,17.06,winter
臺南市,2011,2,安南,17.76,winter
嘉義縣,2011,2,朴子,17.38,winter
新北市,2011,2,汐止,16.9,winter
南投縣,2011,2,竹山,16.54,winter
新竹縣,2011,2,竹東,16.02,winter
臺中市,2011,2,西屯,17.14,winter
臺中市,2011,2,沙鹿,15.53,winter
宜蘭縣,2011,2,宜蘭,17.19,winter
臺中市,2011,2,忠明,17.07,winter
新北市,2011,2,林口,15.07,winter
高雄市,2011,2,林園,20.16,winter
新北市,2011,2,板橋,17.57,winter
臺北市,2011,2,松山,16.8,winter
花蓮縣,2011,2,花蓮,19.31,winter
高雄市,2011,2,前金,19.78,winter
高雄市,2011,2,前鎮,20.59,winter
南投縣,2011,2,南投,17.13,winter
屏東縣,2011,2,屏東,20.58,winter
屏東縣,2011,2,恆春,20.63,winter
高雄市,2011,2,美濃,19.14,winter
苗栗縣,2011,2,苗栗,15.26,winter
南投縣,2011,2,埔里,17.46,winter
桃園市,2011,2,桃園,15.65,winter
基隆市,2011,2,基隆,16.53,winter
雲林縣,2011,2,崙背,16.57,winter
高雄市,2011,2,復興,19.95,winter
新竹縣,2011,2,湖口,15.21,winter
臺南市,2011,2,善化,19.34,winter
新北市,2011,2,菜寮,17.35,winter
臺北市,2011,2,陽明,10.98,winter
新竹市,2011,2,新竹,15.61,winter
新北市,2011,2,新店,16.89,winter
新北市,2011,2,新莊,17.31,winter
嘉義縣,2011,2,新港,16.31,winter
臺南市,2011,2,新營,17.96,winter
高雄市,2011,2,楠梓,18.89,winter
新北市,2011,2,萬里,16.79,winter
臺北市,2011,2,萬華,17.03,winter
嘉義市,2011,2,嘉義,17.65,winter
彰化縣,2011,2,彰化,15.76,winter
雲林縣,2011,2,臺西,16.6,winter
臺東縣,2011,2,臺東,20.5,winter
臺南市,2011,2,臺南,18.62,winter
高雄市,2011,2,鳳山,19.96,winter
屏東縣,2011,2,潮州,20.3,winter
彰化縣,2011,2,線西,15.51,winter
高雄市,2011,2,橋頭,19.25,winter
苗栗縣,2011,2,頭份,15.18,winter
桃園市,2011,2,龍潭,15.08,winter
臺中市,2011,2,豐原,15.83,winter
臺東縣,2011,2,關山,17.8,winter
桃園市,2011,2,觀音,16.42,winter
彰化縣,2011,3,二林,17.68,spring
新北市,2011,3,三重,16.2,spring
苗栗縣,2011,3,三義,13.88,spring
新北市,2011,3,土城,16.48,spring
臺北市,2011,3,士林,16.26,spring
臺中市,2011,3,大里,18.17,spring
桃園市,2011,3,大園,15.36,spring
高雄市,2011,3,大寮,20.74,spring
高雄市,2011,3,小港,21.3,spring
臺北市,2011,3,中山,16.52,spring
桃園市,2011,3,中壢,14.88,spring
高雄市,2011,3,仁武,20.51,spring
雲林縣,2011,3,斗六,18.81,spring
宜蘭縣,2011,3,冬山,16.16,spring
臺北市,2011,3,古亭,16.44,spring
高雄市,2011,3,左營,20.62,spring
桃園市,2011,3,平鎮,15.31,spring
新北市,2011,3,永和,16.29,spring
臺南市,2011,3,安南,19.32,spring
嘉義縣,2011,3,朴子,18.7,spring
新北市,2011,3,汐止,16.13,spring
南投縣,2011,3,竹山,17.51,spring
新竹縣,2011,3,竹東,15.99,spring
臺中市,2011,3,西屯,17.92,spring
臺中市,2011,3,沙鹿,16.58,spring
宜蘭縣,2011,3,宜蘭,16.07,spring
臺中市,2011,3,忠明,17.88,spring
新北市,2011,3,林口,14.45,spring
高雄市,2011,3,林園,21.13,spring
新北市,2011,3,板橋,16.89,spring
臺北市,2011,3,松山,16.19,spring
花蓮縣,2011,3,花蓮,18.41,spring
高雄市,2011,3,前金,20.84,spring
高雄市,2011,3,前鎮,21.89,spring
南投縣,2011,3,南投,18.15,spring
屏東縣,2011,3,屏東,21.55,spring
屏東縣,2011,3,恆春,20.1,spring
高雄市,2011,3,美濃,20.31,spring
苗栗縣,2011,3,苗栗,16.05,spring
南投縣,2011,3,埔里,18.57,spring
桃園市,2011,3,桃園,15.13,spring
基隆市,2011,3,基隆,16.04,spring
雲林縣,2011,3,崙背,17.81,spring
高雄市,2011,3,復興,21.22,spring
新竹縣,2011,3,湖口,15.17,spring
臺南市,2011,3,善化,21.03,spring
新北市,2011,3,菜寮,16.89,spring
臺北市,2011,3,陽明,10.08,spring
新竹市,2011,3,新竹,16.24,spring
新北市,2011,3,新店,16.24,spring
新北市,2011,3,新莊,16.82,spring
嘉義縣,2011,3,新港,17.42,spring
臺南市,2011,3,新營,19.28,spring
高雄市,2011,3,楠梓,20.2,spring
新北市,2011,3,萬里,16.17,spring
臺北市,2011,3,萬華,16.31,spring
嘉義市,2011,3,嘉義,18.78,spring
彰化縣,2011,3,彰化,17.07,spring
雲林縣,2011,3,臺西,17.3,spring
臺東縣,2011,3,臺東,19.45,spring
臺南市,2011,3,臺南,19.8,spring
高雄市,2011,3,鳳山,21.16,spring
屏東縣,2011,3,潮州,21.38,spring
彰化縣,2011,3,線西,16.78,spring
高雄市,2011,3,橋頭,20.52,spring
苗栗縣,2011,3,頭份,15.89,spring
桃園市,2011,3,龍潭,14.48,spring
臺中市,2011,3,豐原,16.66,spring
臺東縣,2011,3,關山,16.99,spring
桃園市,2011,3,觀音,16.68,spring
彰化縣,2011,4,二林,22.34,spring
新北市,2011,4,三重,21.79,spring
苗栗縣,2011,4,三義,19.48,spring
新北市,2011,4,土城,21.85,spring
臺北市,2011,4,士林,21.89,spring
臺中市,2011,4,大里,23.62,spring
桃園市,2011,4,大園,20.98,spring
高雄市,2011,4,大寮,24.53,spring
高雄市,2011,4,小港,24.6,spring
臺北市,2011,4,中山,22.27,spring
桃園市,2011,4,中壢,20.8,spring
高雄市,2011,4,仁武,24.34,spring
雲林縣,2011,4,斗六,23.71,spring
宜蘭縣,2011,4,冬山,21.09,spring
臺北市,2011,4,古亭,21.9,spring
高雄市,2011,4,左營,24.5,spring
桃園市,2011,4,平鎮,21.19,spring
新北市,2011,4,永和,21.76,spring
臺南市,2011,4,安南,24.02,spring
嘉義縣,2011,4,朴子,23.56,spring
新北市,2011,4,汐止,21.23,spring
南投縣,2011,4,竹山,22.09,spring
新竹縣,2011,4,竹東,21.29,spring
臺中市,2011,4,西屯,22.95,spring
臺中市,2011,4,沙鹿,22.14,spring
宜蘭縣,2011,4,宜蘭,21.29,spring
臺中市,2011,4,忠明,23.37,spring
新北市,2011,4,林口,20.32,spring
高雄市,2011,4,林園,24.08,spring
新北市,2011,4,板橋,22.45,spring
臺北市,2011,4,松山,21.57,spring
花蓮縣,2011,4,花蓮,22.16,spring
高雄市,2011,4,前金,24.58,spring
高雄市,2011,4,前鎮,25.34,spring
南投縣,2011,4,南投,22.95,spring
屏東縣,2011,4,屏東,24.95,spring
屏東縣,2011,4,恆春,22.89,spring
高雄市,2011,4,美濃,23.97,spring
苗栗縣,2011,4,苗栗,21.69,spring
南投縣,2011,4,埔里,21.86,spring
桃園市,2011,4,桃園,21.01,spring
基隆市,2011,4,基隆,20.78,spring
雲林縣,2011,4,崙背,22.61,spring
高雄市,2011,4,復興,24.66,spring
新竹縣,2011,4,湖口,20.91,spring
臺南市,2011,4,善化,25.8,spring
新北市,2011,4,菜寮,22.09,spring
臺北市,2011,4,陽明,15.88,spring
新竹市,2011,4,新竹,21.86,spring
新北市,2011,4,新店,21.79,spring
新北市,2011,4,新莊,22.3,spring
嘉義縣,2011,4,新港,22.57,spring
臺南市,2011,4,新營,23.96,spring
高雄市,2011,4,楠梓,24.42,spring
新北市,2011,4,萬里,20.35,spring
臺北市,2011,4,萬華,21.82,spring
嘉義市,2011,4,嘉義,23.82,spring
彰化縣,2011,4,彰化,22.7,spring
雲林縣,2011,4,臺西,22.58,spring
臺東縣,2011,4,臺東,22.89,spring
臺南市,2011,4,臺南,24.29,spring
高雄市,2011,4,鳳山,24.78,spring
屏東縣,2011,4,潮州,23.92,spring
彰化縣,2011,4,線西,21.75,spring
高雄市,2011,4,橋頭,24.59,spring
苗栗縣,2011,4,頭份,21.34,spring
桃園市,2011,4,龍潭,20.5,spring
臺中市,2011,4,豐原,22.05,spring
臺東縣,2011,4,關山,21.09,spring
桃園市,2011,4,觀音,21.48,spring
彰化縣,2011,5,二林,26.07,spring
新北市,2011,5,三重,24.75,spring
苗栗縣,2011,5,三義,22.64,spring
新北市,2011,5,土城,25.39,spring
臺北市,2011,5,士林,25.1,spring
臺中市,2011,5,大里,26.87,spring
桃園市,2011,5,大園,23.12,spring
高雄市,2011,5,大寮,27.36,spring
高雄市,2011,5,小港,27.31,spring
臺北市,2011,5,中山,25.4,spring
桃園市,2011,5,中壢,23.86,spring
高雄市,2011,5,仁武,26.95,spring
雲林縣,2011,5,斗六,26.61,spring
宜蘭縣,2011,5,冬山,24.42,spring
臺北市,2011,5,古亭,24.93,spring
高雄市,2011,5,左營,26.89,spring
桃園市,2011,5,平鎮,24.3,spring
新北市,2011,5,永和,24.87,spring
臺南市,2011,5,安南,27.06,spring
嘉義縣,2011,5,朴子,26.36,spring
新北市,2011,5,汐止,24.61,spring
南投縣,2011,5,竹山,25.01,spring
新竹縣,2011,5,竹東,24.31,spring
臺中市,2011,5,西屯,25.97,spring
臺中市,2011,5,沙鹿,25.49,spring
宜蘭縣,2011,5,宜蘭,24.86,spring
臺中市,2011,5,忠明,26.44,spring
新北市,2011,5,林口,23.34,spring
高雄市,2011,5,林園,26.79,spring
新北市,2011,5,板橋,25.56,spring
臺北市,2011,5,松山,24.75,spring
花蓮縣,2011,5,花蓮,25.35,spring
高雄市,2011,5,前金,27.18,spring
高雄市,2011,5,前鎮,27.82,spring
南投縣,2011,5,南投,25.84,spring
屏東縣,2011,5,屏東,27.54,spring
屏東縣,2011,5,恆春,25.68,spring
高雄市,2011,5,美濃,26.86,spring
苗栗縣,2011,5,苗栗,24.84,spring
南投縣,2011,5,埔里,24.7,spring
桃園市,2011,5,桃園,24.68,spring
基隆市,2011,5,基隆,24.18,spring
雲林縣,2011,5,崙背,25.7,spring
高雄市,2011,5,復興,27.28,spring
新竹縣,2011,5,湖口,24.26,spring
臺南市,2011,5,善化,26.96,spring
新北市,2011,5,菜寮,25.08,spring
臺北市,2011,5,陽明,18.99,spring
新竹市,2011,5,新竹,24.97,spring
新北市,2011,5,新店,24.91,spring
新北市,2011,5,新莊,25.46,spring
嘉義縣,2011,5,新港,25.59,spring
臺南市,2011,5,新營,27.01,spring
高雄市,2011,5,楠梓,27.03,spring
新北市,2011,5,萬里,23.98,spring
臺北市,2011,5,萬華,24.88,spring
嘉義市,2011,5,嘉義,26.55,spring
彰化縣,2011,5,彰化,25.95,spring
雲林縣,2011,5,臺西,25.67,spring
臺東縣,2011,5,臺東,25.96,spring
臺南市,2011,5,臺南,27.46,spring
高雄市,2011,5,鳳山,27.41,spring
屏東縣,2011,5,潮州,26.74,spring
彰化縣,2011,5,線西,24.91,spring
高雄市,2011,5,橋頭,27.43,spring
苗栗縣,2011,5,頭份,24.65,spring
桃園市,2011,5,龍潭,23.64,spring
臺中市,2011,5,豐原,24.96,spring
臺東縣,2011,5,關山,24.56,spring
桃園市,2011,5,觀音,24.38,spring
彰化縣,2010,6,二林,27.46,summer
新北市,2010,6,三重,26.78,summer
苗栗縣,2010,6,三義,24.29,summer
新北市,2010,6,土城,26.82,summer
臺北市,2010,6,士林,26.34,summer
臺中市,2010,6,大里,28.21,summer
桃園市,2010,6,大園,26.43,summer
高雄市,2010,6,大寮,28.16,summer
高雄市,2010,6,小港,28.4,summer
臺北市,2010,6,中山,27.14,summer
桃園市,2010,6,中壢,26.17,summer
高雄市,2010,6,仁武,28.87,summer
雲林縣,2010,6,斗六,28.06,summer
宜蘭縣,2010,6,冬山,26.02,summer
臺北市,2010,6,古亭,26.57,summer
高雄市,2010,6,左營,29.95,summer
桃園市,2010,6,平鎮,26.18,summer
新北市,2010,6,永和,26.83,summer
臺南市,2010,6,安南,28.19,summer
嘉義縣,2010,6,朴子,28.1,summer
新北市,2010,6,汐止,26.3,summer
南投縣,2010,6,竹山,26.12,summer
新竹縣,2010,6,竹東,26.12,summer
臺中市,2010,6,西屯,26.42,summer
臺中市,2010,6,沙鹿,26.88,summer
宜蘭縣,2010,6,宜蘭,25.98,summer
臺中市,2010,6,忠明,27.86,summer
新北市,2010,6,林口,25.19,summer
高雄市,2010,6,林園,28.73,summer
新北市,2010,6,板橋,26.89,summer
臺北市,2010,6,松山,26.86,summer
花蓮縣,2010,6,花蓮,27.14,summer
高雄市,2010,6,前金,28.14,summer
高雄市,2010,6,前鎮,29.02,summer
南投縣,2010,6,南投,26.87,summer
屏東縣,2010,6,屏東,28.48,summer
屏東縣,2010,6,恆春,27.96,summer
高雄市,2010,6,美濃,27.33,summer
苗栗縣,2010,6,苗栗,27.02,summer
南投縣,2010,6,埔里,25.09,summer
桃園市,2010,6,桃園,26.06,summer
基隆市,2010,6,基隆,25.9,summer
雲林縣,2010,6,崙背,27.42,summer
高雄市,2010,6,復興,28.57,summer
新竹縣,2010,6,湖口,26.26,summer
臺南市,2010,6,善化,27.6,summer
新北市,2010,6,菜寮,26.84,summer
臺北市,2010,6,陽明,19.29,summer
新竹市,2010,6,新竹,27.19,summer
新北市,2010,6,新店,26.39,summer
新北市,2010,6,新莊,26.43,summer
嘉義縣,2010,6,新港,27.33,summer
臺南市,2010,6,新營,28.14,summer
高雄市,2010,6,楠梓,27.87,summer
新北市,2010,6,萬里,25.48,summer
臺北市,2010,6,萬華,26.63,summer
嘉義市,2010,6,嘉義,27.94,summer
彰化縣,2010,6,彰化,27.3,summer
雲林縣,2010,6,臺西,27.41,summer
臺東縣,2010,6,臺東,27.97,summer
臺南市,2010,6,臺南,28.24,summer
高雄市,2010,6,鳳山,28.48,summer
屏東縣,2010,6,潮州,28.23,summer
彰化縣,2010,6,線西,26.59,summer
高雄市,2010,6,橋頭,28.04,summer
苗栗縣,2010,6,頭份,27.2,summer
桃園市,2010,6,龍潭,25.53,summer
臺中市,2010,6,豐原,26.74,summer
臺東縣,2010,6,關山,27.21,summer
桃園市,2010,6,觀音,26.53,summer
彰化縣,2010,7,二林,29.83,summer
新北市,2010,7,三重,30.84,summer
苗栗縣,2010,7,三義,26.58,summer
新北市,2010,7,土城,30.46,summer
臺北市,2010,7,士林,30.47,summer
臺中市,2010,7,大里,29.47,summer
桃園市,2010,7,大園,30.07,summer
高雄市,2010,7,大寮,29.25,summer
高雄市,2010,7,小港,29.52,summer
臺北市,2010,7,中山,31.09,summer
桃園市,2010,7,中壢,29.82,summer
高雄市,2010,7,仁武,29.67,summer
雲林縣,2010,7,斗六,29.66,summer
宜蘭縣,2010,7,冬山,29.67,summer
臺北市,2010,7,古亭,30.42,summer
高雄市,2010,7,左營,30.47,summer
桃園市,2010,7,平鎮,29.83,summer
新北市,2010,7,永和,30.52,summer
臺南市,2010,7,安南,29.35,summer
嘉義縣,2010,7,朴子,29.52,summer
新北市,2010,7,汐止,30.55,summer
南投縣,2010,7,竹山,27.63,summer
新竹縣,2010,7,竹東,29.17,summer
臺中市,2010,7,西屯,28.71,summer
臺中市,2010,7,沙鹿,29.14,summer
宜蘭縣,2010,7,宜蘭,29.2,summer
臺中市,2010,7,忠明,30.19,summer
新北市,2010,7,林口,29.02,summer
高雄市,2010,7,林園,29.06,summer
新北市,2010,7,板橋,30.91,summer
臺北市,2010,7,松山,30.81,summer
花蓮縣,2010,7,花蓮,29.5,summer
高雄市,2010,7,前金,29.81,summer
高雄市,2010,7,前鎮,30.24,summer
南投縣,2010,7,南投,28.71,summer
屏東縣,2010,7,屏東,29.22,summer
屏東縣,2010,7,恆春,28.64,summer
高雄市,2010,7,美濃,28.15,summer
苗栗縣,2010,7,苗栗,29.94,summer
南投縣,2010,7,埔里,26.66,summer
桃園市,2010,7,桃園,29.49,summer
基隆市,2010,7,基隆,30.16,summer
雲林縣,2010,7,崙背,29.12,summer
高雄市,2010,7,復興,29.45,summer
新竹縣,2010,7,湖口,29.5,summer
臺南市,2010,7,善化,28.62,summer
新北市,2010,7,菜寮,31.07,summer
臺北市,2010,7,陽明,21.73,summer
新竹市,2010,7,新竹,30.27,summer
新北市,2010,7,新店,30.11,summer
新北市,2010,7,新莊,30.99,summer
嘉義縣,2010,7,新港,29.13,summer
臺南市,2010,7,新營,29.37,summer
高雄市,2010,7,楠梓,29.45,summer
新北市,2010,7,萬里,29.22,summer
臺北市,2010,7,萬華,30.79,summer
嘉義市,2010,7,嘉義,29.23,summer
彰化縣,2010,7,彰化,29.93,summer
雲林縣,2010,7,臺西,29.08,summer
臺東縣,2010,7,臺東,29.58,summer
臺南市,2010,7,臺南,29.49,summer
高雄市,2010,7,鳳山,29.55,summer
屏東縣,2010,7,潮州,29.09,summer
彰化縣,2010,7,線西,29.01,summer
高雄市,2010,7,橋頭,29.08,summer
苗栗縣,2010,7,頭份,30.25,summer
桃園市,2010,7,龍潭,28.92,summer
臺中市,2010,7,豐原,28.55,summer
臺東縣,2010,7,關山,29.13,summer
桃園市,2010,7,觀音,29.87,summer
彰化縣,2010,8,二林,29.12,summer
新北市,2010,8,三重,30.26,summer
苗栗縣,2010,8,三義,26.48,summer
新北市,2010,8,土城,30.39,summer
臺北市,2010,8,士林,30.04,summer
桃園市,2010,8,大園,30.09,summer
高雄市,2010,8,大寮,28.66,summer
高雄市,2010,8,小港,29.34,summer
臺北市,2010,8,中山,30.34,summer
高雄市,2010,8,仁武,29.21,summer
雲林縣,2010,8,斗六,29.66,summer
宜蘭縣,2010,8,冬山,29.47,summer
臺北市,2010,8,古亭,30.2,summer
高雄市,2010,8,左營,30,summer
桃園市,2010,8,平鎮,29.92,summer
新北市,2010,8,永和,30.42,summer
臺南市,2010,8,安南,29.44,summer
嘉義縣,2010,8,朴子,29.69,summer
新北市,2010,8,汐止,30.03,summer
南投縣,2010,8,竹山,27.42,summer
新竹縣,2010,8,竹東,29.17,summer
臺中市,2010,8,西屯,29.1,summer
臺中市,2010,8,沙鹿,29.43,summer
宜蘭縣,2010,8,宜蘭,29.22,summer
臺中市,2010,8,忠明,30.07,summer
新北市,2010,8,林口,28.84,summer
高雄市,2010,8,林園,28.88,summer
新北市,2010,8,板橋,30.68,summer
臺北市,2010,8,松山,30,summer
花蓮縣,2010,8,花蓮,29.66,summer
高雄市,2010,8,前金,29.95,summer
高雄市,2010,8,前鎮,30.11,summer
南投縣,2010,8,南投,28.56,summer
屏東縣,2010,8,屏東,29.04,summer
屏東縣,2010,8,恆春,28.69,summer
高雄市,2010,8,美濃,27.93,summer
苗栗縣,2010,8,苗栗,29.69,summer
南投縣,2010,8,埔里,26.67,summer
桃園市,2010,8,桃園,29.42,summer
基隆市,2010,8,基隆,29.76,summer
雲林縣,2010,8,崙背,29.22,summer
高雄市,2010,8,復興,29.37,summer
新竹縣,2010,8,湖口,29.71,summer
臺南市,2010,8,善化,28.67,summer
新北市,2010,8,菜寮,30.76,summer
臺北市,2010,8,陽明,21.83,summer
新竹市,2010,8,新竹,30.22,summer
新北市,2010,8,新店,29.9,summer
新北市,2010,8,新莊,30.86,summer
嘉義縣,2010,8,新港,29.7,summer
臺南市,2010,8,新營,29.39,summer
高雄市,2010,8,楠梓,29.22,summer
新北市,2010,8,萬里,28.88,summer
臺北市,2010,8,萬華,30.95,summer
嘉義市,2010,8,嘉義,29.15,summer
彰化縣,2010,8,彰化,29.88,summer
雲林縣,2010,8,臺西,29.22,summer
臺東縣,2010,8,臺東,29.59,summer
臺南市,2010,8,臺南,29.66,summer
高雄市,2010,8,鳳山,29.32,summer
屏東縣,2010,8,潮州,28.65,summer
彰化縣,2010,8,線西,28.86,summer
高雄市,2010,8,橋頭,29.3,summer
苗栗縣,2010,8,頭份,29.91,summer
桃園市,2010,8,龍潭,29.02,summer
臺中市,2010,8,豐原,28.4,summer
臺東縣,2010,8,關山,28.35,summer
桃園市,2010,8,觀音,30.19,summer
彰化縣,2010,9,二林,27.94,autumn
新北市,2010,9,三重,29.04,autumn
苗栗縣,2010,9,三義,25.65,autumn
新北市,2010,9,土城,29.16,autumn
臺北市,2010,9,士林,28.89,autumn
臺中市,2010,9,大里,27.74,autumn
桃園市,2010,9,大園,28.57,autumn
高雄市,2010,9,大寮,27.97,autumn
高雄市,2010,9,小港,28.44,autumn
臺北市,2010,9,中山,29.2,autumn
桃園市,2010,9,中壢,27.85,autumn
高雄市,2010,9,仁武,28.22,autumn
雲林縣,2010,9,斗六,28.64,autumn
宜蘭縣,2010,9,冬山,28.18,autumn
臺北市,2010,9,古亭,29.05,autumn
高雄市,2010,9,左營,28.65,autumn
桃園市,2010,9,平鎮,28.34,autumn
新北市,2010,9,永和,29.17,autumn
臺南市,2010,9,安南,28.55,autumn
嘉義縣,2010,9,朴子,28.42,autumn
新北市,2010,9,汐止,28.85,autumn
南投縣,2010,9,竹山,26.73,autumn
新竹縣,2010,9,竹東,27.93,autumn
臺中市,2010,9,西屯,28.17,autumn
臺中市,2010,9,沙鹿,28.21,autumn
宜蘭縣,2010,9,宜蘭,28.13,autumn
臺中市,2010,9,忠明,28.96,autumn
新北市,2010,9,林口,27.41,autumn
高雄市,2010,9,林園,28.35,autumn
新北市,2010,9,板橋,29.38,autumn
臺北市,2010,9,松山,28.74,autumn
花蓮縣,2010,9,花蓮,28.03,autumn
高雄市,2010,9,前金,28.71,autumn
高雄市,2010,9,前鎮,29.13,autumn
南投縣,2010,9,南投,27.78,autumn
屏東縣,2010,9,屏東,28.42,autumn
屏東縣,2010,9,恆春,27.4,autumn
高雄市,2010,9,美濃,27.14,autumn
苗栗縣,2010,9,苗栗,28.21,autumn
南投縣,2010,9,埔里,26.25,autumn
桃園市,2010,9,桃園,27.81,autumn
基隆市,2010,9,基隆,28.48,autumn
雲林縣,2010,9,崙背,28.04,autumn
高雄市,2010,9,復興,28.56,autumn
新竹縣,2010,9,湖口,28.24,autumn
臺南市,2010,9,善化,27.86,autumn
新北市,2010,9,菜寮,29.59,autumn
臺北市,2010,9,陽明,20.61,autumn
新竹市,2010,9,新竹,28.75,autumn
新北市,2010,9,新店,28.89,autumn
新北市,2010,9,新莊,29.55,autumn
嘉義縣,2010,9,新港,27.8,autumn
臺南市,2010,9,新營,28.33,autumn
高雄市,2010,9,楠梓,28.22,autumn
新北市,2010,9,萬里,28.1,autumn
臺北市,2010,9,萬華,28.79,autumn
嘉義市,2010,9,嘉義,28.4,autumn
彰化縣,2010,9,彰化,28.5,autumn
雲林縣,2010,9,臺西,28.14,autumn
臺東縣,2010,9,臺東,27.7,autumn
臺南市,2010,9,臺南,28.46,autumn
高雄市,2010,9,鳳山,28.14,autumn
屏東縣,2010,9,潮州,27.75,autumn
彰化縣,2010,9,線西,27.34,autumn
高雄市,2010,9,橋頭,28.58,autumn
苗栗縣,2010,9,頭份,28.25,autumn
桃園市,2010,9,龍潭,27.57,autumn
臺中市,2010,9,豐原,27.41,autumn
臺東縣,2010,9,關山,26.31,autumn
桃園市,2010,9,觀音,28.79,autumn
彰化縣,2011,6,二林,29.15,summer
新北市,2011,6,三重,29.26,summer
苗栗縣,2011,6,三義,26.25,summer
新北市,2011,6,土城,29.21,summer
臺北市,2011,6,士林,29.25,summer
臺中市,2011,6,大里,30.53,summer
桃園市,2011,6,大園,27.7,summer
高雄市,2011,6,大寮,29.31,summer
高雄市,2011,6,小港,29.58,summer
臺北市,2011,6,中山,29.77,summer
桃園市,2011,6,中壢,28.08,summer
高雄市,2011,6,仁武,29.38,summer
雲林縣,2011,6,斗六,29.57,summer
宜蘭縣,2011,6,冬山,28.33,summer
臺北市,2011,6,古亭,29.03,summer
高雄市,2011,6,左營,29.45,summer
桃園市,2011,6,平鎮,28.49,summer
新北市,2011,6,永和,29.13,summer
臺南市,2011,6,安南,29.85,summer
嘉義縣,2011,6,朴子,29.23,summer
新北市,2011,6,汐止,29.19,summer
南投縣,2011,6,竹山,27.25,summer
新竹縣,2011,6,竹東,28.35,summer
臺中市,2011,6,西屯,29.13,summer
臺中市,2011,6,沙鹿,29.2,summer
宜蘭縣,2011,6,宜蘭,28.65,summer
臺中市,2011,6,忠明,29.88,summer
新北市,2011,6,林口,27.82,summer
高雄市,2011,6,林園,29.04,summer
新北市,2011,6,板橋,30.15,summer
臺北市,2011,6,松山,29.17,summer
花蓮縣,2011,6,花蓮,28.58,summer
高雄市,2011,6,前金,29.5,summer
高雄市,2011,6,前鎮,29.58,summer
南投縣,2011,6,南投,28.63,summer
屏東縣,2011,6,屏東,29.66,summer
屏東縣,2011,6,恆春,27.35,summer
高雄市,2011,6,美濃,29.21,summer
苗栗縣,2011,6,苗栗,29.17,summer
南投縣,2011,6,埔里,26.62,summer
桃園市,2011,6,桃園,28.68,summer
基隆市,2011,6,基隆,28.42,summer
雲林縣,2011,6,崙背,28.87,summer
雲林縣,2011,6,麥寮,29.85,summer
高雄市,2011,6,復興,29.26,summer
新竹縣,2011,6,湖口,28.55,summer
臺南市,2011,6,善化,29.2,summer
新北市,2011,6,菜寮,29.44,summer
臺北市,2011,6,陽明,22.52,summer
新竹市,2011,6,新竹,29.19,summer
新北市,2011,6,新店,28.95,summer
新北市,2011,6,新莊,29.96,summer
嘉義縣,2011,6,新港,28.56,summer
臺南市,2011,6,新營,29.39,summer
高雄市,2011,6,楠梓,29.61,summer
新北市,2011,6,萬里,28.05,summer
臺北市,2011,6,萬華,29.36,summer
嘉義市,2011,6,嘉義,29.36,summer
彰化縣,2011,6,彰化,29.63,summer
雲林縣,2011,6,臺西,28.79,summer
臺東縣,2011,6,臺東,29.71,summer
臺南市,2011,6,臺南,29.82,summer
高雄市,2011,6,鳳山,29.87,summer
屏東縣,2011,6,潮州,28.84,summer
彰化縣,2011,6,線西,28.48,summer
高雄市,2011,6,橋頭,30.02,summer
苗栗縣,2011,6,頭份,28.87,summer
桃園市,2011,6,龍潭,27.79,summer
臺中市,2011,6,豐原,28.54,summer
臺東縣,2011,6,關山,27.37,summer
桃園市,2011,6,觀音,28.79,summer
彰化縣,2011,7,二林,29.67,summer
新北市,2011,7,三重,29.91,summer
苗栗縣,2011,7,三義,26.16,summer
新北市,2011,7,土城,29.59,summer
臺北市,2011,7,士林,29.81,summer
臺中市,2011,7,大里,30.33,summer
桃園市,2011,7,大園,30.06,summer
高雄市,2011,7,大寮,28.75,summer
高雄市,2011,7,小港,28.97,summer
臺北市,2011,7,中山,30.59,summer
桃園市,2011,7,中壢,28.66,summer
高雄市,2011,7,仁武,28.66,summer
雲林縣,2011,7,斗六,29.03,summer
宜蘭縣,2011,7,冬山,29.34,summer
臺北市,2011,7,古亭,29.81,summer
高雄市,2011,7,左營,28.88,summer
桃園市,2011,7,平鎮,29.11,summer
新北市,2011,7,永和,30.09,summer
臺南市,2011,7,安南,29.53,summer
嘉義縣,2011,7,朴子,29.12,summer
新北市,2011,7,汐止,30.3,summer
南投縣,2011,7,竹山,27.27,summer
新竹縣,2011,7,竹東,28.73,summer
臺中市,2011,7,西屯,28.99,summer
臺中市,2011,7,沙鹿,29.25,summer
宜蘭縣,2011,7,宜蘭,29.58,summer
臺中市,2011,7,忠明,29.63,summer
新北市,2011,7,林口,28.76,summer
高雄市,2011,7,林園,28.41,summer
新北市,2011,7,板橋,30.66,summer
臺北市,2011,7,松山,30.03,summer
花蓮縣,2011,7,花蓮,29.22,summer
高雄市,2011,7,前金,29.16,summer
高雄市,2011,7,前鎮,29.02,summer
南投縣,2011,7,南投,28.58,summer
屏東縣,2011,7,屏東,28.84,summer
屏東縣,2011,7,恆春,27.16,summer
高雄市,2011,7,美濃,28.38,summer
苗栗縣,2011,7,苗栗,29.23,summer
南投縣,2011,7,埔里,26.6,summer
桃園市,2011,7,桃園,29.26,summer
基隆市,2011,7,基隆,29.41,summer
雲林縣,2011,7,崙背,28.77,summer
雲林縣,2011,7,麥寮,29.87,summer
高雄市,2011,7,復興,28.56,summer
新竹縣,2011,7,湖口,28.94,summer
臺南市,2011,7,善化,28.62,summer
新北市,2011,7,菜寮,30.15,summer
臺北市,2011,7,陽明,23.09,summer
新竹市,2011,7,新竹,29.54,summer
新北市,2011,7,新店,29.6,summer
新北市,2011,7,新莊,30.58,summer
嘉義縣,2011,7,新港,28.53,summer
臺南市,2011,7,新營,29.05,summer
高雄市,2011,7,楠梓,28.88,summer
新北市,2011,7,萬里,29.02,summer
臺北市,2011,7,萬華,30.4,summer
嘉義市,2011,7,嘉義,29.04,summer
彰化縣,2011,7,彰化,29.97,summer
雲林縣,2011,7,臺西,28.73,summer
臺東縣,2011,7,臺東,28.89,summer
臺南市,2011,7,臺南,29.48,summer
高雄市,2011,7,鳳山,28.98,summer
屏東縣,2011,7,潮州,27.83,summer
彰化縣,2011,7,線西,28.78,summer
高雄市,2011,7,橋頭,29.4,summer
苗栗縣,2011,7,頭份,29.08,summer
桃園市,2011,7,龍潭,28.37,summer
臺中市,2011,7,豐原,28.37,summer
臺東縣,2011,7,關山,27.66,summer
桃園市,2011,7,觀音,29.41,summer
彰化縣,2011,8,二林,29.63,summer
新北市,2011,8,三重,29.78,summer
苗栗縣,2011,8,三義,26.56,summer
新北市,2011,8,土城,29.62,summer
臺北市,2011,8,士林,29.8,summer
臺中市,2011,8,大里,29.08,summer
桃園市,2011,8,大園,30.53,summer
高雄市,2011,8,大寮,28.97,summer
高雄市,2011,8,小港,29.74,summer
臺北市,2011,8,中山,30.36,summer
桃園市,2011,8,中壢,28.87,summer
高雄市,2011,8,仁武,29.34,summer
雲林縣,2011,8,斗六,29.27,summer
宜蘭縣,2011,8,冬山,29.71,summer
臺北市,2011,8,古亭,29.78,summer
高雄市,2011,8,左營,29.61,summer
桃園市,2011,8,平鎮,29.36,summer
新北市,2011,8,永和,30.12,summer
臺南市,2011,8,安南,30.39,summer
嘉義縣,2011,8,朴子,29.83,summer
新北市,2011,8,汐止,30,summer
南投縣,2011,8,竹山,27.47,summer
新竹縣,2011,8,竹東,29.14,summer
臺中市,2011,8,西屯,29.28,summer
臺中市,2011,8,沙鹿,29.8,summer
宜蘭縣,2011,8,宜蘭,29.79,summer
臺中市,2011,8,忠明,30.09,summer
新北市,2011,8,林口,28.52,summer
高雄市,2011,8,林園,29.05,summer
新北市,2011,8,板橋,29.55,summer
臺北市,2011,8,松山,29.85,summer
花蓮縣,2011,8,花蓮,29.44,summer
高雄市,2011,8,前金,29.76,summer
高雄市,2011,8,前鎮,29.74,summer
南投縣,2011,8,南投,28.78,summer
屏東縣,2011,8,屏東,29.19,summer
屏東縣,2011,8,恆春,27.64,summer
高雄市,2011,8,美濃,29.14,summer
苗栗縣,2011,8,苗栗,29.75,summer
南投縣,2011,8,埔里,27.08,summer
桃園市,2011,8,桃園,29.48,summer
基隆市,2011,8,基隆,29.4,summer
雲林縣,2011,8,崙背,29.21,summer
雲林縣,2011,8,麥寮,30,summer
高雄市,2011,8,復興,29.34,summer
新竹縣,2011,8,湖口,29.52,summer
臺南市,2011,8,善化,29.52,summer
新北市,2011,8,菜寮,30.06,summer
臺北市,2011,8,陽明,23.49,summer
新竹市,2011,8,新竹,30.02,summer
新北市,2011,8,新店,29.32,summer
新北市,2011,8,新莊,30.51,summer
嘉義縣,2011,8,新港,29.07,summer
臺南市,2011,8,新營,29.64,summer
高雄市,2011,8,楠梓,29.67,summer
新北市,2011,8,萬里,28.89,summer
臺北市,2011,8,萬華,31.08,summer
嘉義市,2011,8,嘉義,29.59,summer
彰化縣,2011,8,彰化,30.48,summer
雲林縣,2011,8,臺西,29.36,summer
臺東縣,2011,8,臺東,30.04,summer
臺南市,2011,8,臺南,29.77,summer
高雄市,2011,8,鳳山,29.73,summer
屏東縣,2011,8,潮州,28.3,summer
彰化縣,2011,8,線西,29.19,summer
高雄市,2011,8,橋頭,30,summer
苗栗縣,2011,8,頭份,29.6,summer
桃園市,2011,8,龍潭,28.54,summer
臺中市,2011,8,豐原,28.83,summer
臺東縣,2011,8,關山,27.69,summer
桃園市,2011,8,觀音,29.89,summer
彰化縣,2011,9,二林,27.72,autumn
新北市,2011,9,三重,28,autumn
苗栗縣,2011,9,三義,24.87,autumn
新北市,2011,9,土城,27.99,autumn
臺北市,2011,9,士林,28.27,autumn
臺中市,2011,9,大里,28.84,autumn
桃園市,2011,9,大園,28.5,autumn
高雄市,2011,9,大寮,28.14,autumn
高雄市,2011,9,小港,28.98,autumn
臺北市,2011,9,中山,28.4,autumn
桃園市,2011,9,中壢,27.16,autumn
高雄市,2011,9,仁武,28.56,autumn
雲林縣,2011,9,斗六,28.17,autumn
宜蘭縣,2011,9,冬山,26.69,autumn
臺北市,2011,9,古亭,27.98,autumn
高雄市,2011,9,左營,28.79,autumn
桃園市,2011,9,平鎮,27.59,autumn
新北市,2011,9,永和,27.94,autumn
臺南市,2011,9,安南,29.29,autumn
嘉義縣,2011,9,朴子,28.71,autumn
新北市,2011,9,汐止,27.68,autumn
南投縣,2011,9,竹山,26.63,autumn
新竹縣,2011,9,竹東,27.69,autumn
臺中市,2011,9,西屯,28.05,autumn
臺中市,2011,9,沙鹿,28.11,autumn
宜蘭縣,2011,9,宜蘭,27.13,autumn
新北市,2011,9,林口,26.52,autumn
高雄市,2011,9,林園,28.17,autumn
新北市,2011,9,板橋,27.68,autumn
臺北市,2011,9,松山,27.56,autumn
花蓮縣,2011,9,花蓮,27.67,autumn
高雄市,2011,9,前金,29.02,autumn
高雄市,2011,9,前鎮,29.24,autumn
南投縣,2011,9,南投,27.87,autumn
屏東縣,2011,9,屏東,28.41,autumn
屏東縣,2011,9,恆春,26.46,autumn
高雄市,2011,9,美濃,28.3,autumn
苗栗縣,2011,9,苗栗,27.96,autumn
南投縣,2011,9,埔里,26.39,autumn
桃園市,2011,9,桃園,27.47,autumn
基隆市,2011,9,基隆,27.06,autumn
雲林縣,2011,9,崙背,27.63,autumn
雲林縣,2011,9,麥寮,29.13,autumn
高雄市,2011,9,復興,28.72,autumn
新竹縣,2011,9,湖口,28.01,autumn
臺南市,2011,9,善化,28.24,autumn
新北市,2011,9,菜寮,28.09,autumn
臺北市,2011,9,陽明,20.48,autumn
新竹市,2011,9,新竹,28.21,autumn
新北市,2011,9,新店,27.46,autumn
新北市,2011,9,新莊,28.64,autumn
嘉義縣,2011,9,新港,27.66,autumn
臺南市,2011,9,新營,28.54,autumn
高雄市,2011,9,楠梓,28.66,autumn
新北市,2011,9,萬里,26.67,autumn
臺北市,2011,9,萬華,29.03,autumn
嘉義市,2011,9,嘉義,28.53,autumn
彰化縣,2011,9,彰化,28.98,autumn
雲林縣,2011,9,臺西,27.87,autumn
臺東縣,2011,9,臺東,27.7,autumn
臺南市,2011,9,臺南,29.01,autumn
高雄市,2011,9,鳳山,28.9,autumn
屏東縣,2011,9,潮州,27.45,autumn
彰化縣,2011,9,線西,27.43,autumn
高雄市,2011,9,橋頭,29.06,autumn
苗栗縣,2011,9,頭份,27.86,autumn
桃園市,2011,9,龍潭,26.83,autumn
臺中市,2011,9,豐原,27.6,autumn
臺東縣,2011,9,關山,25.77,autumn
桃園市,2011,9,觀音,27.77,autumn
彰化縣,2010,10,二林,25.23,autumn
新北市,2010,10,三重,24.75,autumn
苗栗縣,2010,10,三義,21.91,autumn
新北市,2010,10,土城,25.08,autumn
臺北市,2010,10,士林,24.83,autumn
臺中市,2010,10,大里,25.37,autumn
桃園市,2010,10,大園,24.35,autumn
高雄市,2010,10,大寮,26.77,autumn
高雄市,2010,10,小港,27.08,autumn
臺北市,2010,10,中山,24.89,autumn
桃園市,2010,10,中壢,23.64,autumn
高雄市,2010,10,仁武,26.61,autumn
雲林縣,2010,10,斗六,26.28,autumn
宜蘭縣,2010,10,冬山,23.75,autumn
臺北市,2010,10,古亭,24.64,autumn
高雄市,2010,10,左營,27.09,autumn
桃園市,2010,10,平鎮,23.93,autumn
新北市,2010,10,永和,24.41,autumn
臺南市,2010,10,安南,26.64,autumn
嘉義縣,2010,10,朴子,25.87,autumn
新北市,2010,10,汐止,24.2,autumn
南投縣,2010,10,竹山,24.79,autumn
新竹縣,2010,10,竹東,24.43,autumn
臺中市,2010,10,西屯,25.41,autumn
臺中市,2010,10,沙鹿,25,autumn
宜蘭縣,2010,10,宜蘭,23.77,autumn
臺中市,2010,10,忠明,26.52,autumn
新北市,2010,10,林口,22.67,autumn
高雄市,2010,10,林園,27.37,autumn
新北市,2010,10,板橋,25.01,autumn
臺北市,2010,10,松山,24.24,autumn
花蓮縣,2010,10,花蓮,25.63,autumn
高雄市,2010,10,前金,27.09,autumn
高雄市,2010,10,前鎮,27.66,autumn
南投縣,2010,10,南投,25.64,autumn
屏東縣,2010,10,屏東,27.04,autumn
屏東縣,2010,10,恆春,26.15,autumn
高雄市,2010,10,美濃,26.02,autumn
苗栗縣,2010,10,苗栗,24.67,autumn
南投縣,2010,10,埔里,24.69,autumn
桃園市,2010,10,桃園,23.3,autumn
基隆市,2010,10,基隆,24.42,autumn
雲林縣,2010,10,崙背,25.27,autumn
高雄市,2010,10,復興,27.1,autumn
新竹縣,2010,10,湖口,24.16,autumn
臺南市,2010,10,善化,26.29,autumn
新北市,2010,10,菜寮,25.22,autumn
臺北市,2010,10,陽明,16.56,autumn
新竹市,2010,10,新竹,24.88,autumn
新北市,2010,10,新店,24.55,autumn
新北市,2010,10,新莊,25.21,autumn
嘉義縣,2010,10,新港,25.11,autumn
臺南市,2010,10,新營,26.04,autumn
高雄市,2010,10,楠梓,26.27,autumn
新北市,2010,10,萬里,24.26,autumn
臺北市,2010,10,萬華,24.63,autumn
嘉義市,2010,10,嘉義,26.18,autumn
彰化縣,2010,10,彰化,25.34,autumn
雲林縣,2010,10,臺西,25.21,autumn
臺東縣,2010,10,臺東,26.06,autumn
臺南市,2010,10,臺南,26.6,autumn
高雄市,2010,10,鳳山,27.1,autumn
屏東縣,2010,10,潮州,26.58,autumn
彰化縣,2010,10,線西,24.43,autumn
高雄市,2010,10,橋頭,26.92,autumn
苗栗縣,2010,10,頭份,24.79,autumn
桃園市,2010,10,龍潭,23.35,autumn
臺中市,2010,10,豐原,24.54,autumn
臺東縣,2010,10,關山,24.3,autumn
桃園市,2010,10,觀音,24.69,autumn
彰化縣,2010,11,二林,21.33,autumn
新北市,2010,11,三重,21.3,autumn
苗栗縣,2010,11,三義,18.32,autumn
新北市,2010,11,土城,21.75,autumn
臺北市,2010,11,士林,21.6,autumn
臺中市,2010,11,大里,20.94,autumn
桃園市,2010,11,大園,21,autumn
高雄市,2010,11,大寮,23.5,autumn
高雄市,2010,11,小港,23.77,autumn
臺北市,2010,11,中山,21.43,autumn
桃園市,2010,11,中壢,20.46,autumn
高雄市,2010,11,仁武,23.07,autumn
雲林縣,2010,11,斗六,22.12,autumn
宜蘭縣,2010,11,冬山,20.25,autumn
臺北市,2010,11,古亭,21.31,autumn
高雄市,2010,11,左營,23.2,autumn
桃園市,2010,11,平鎮,20.74,autumn
新北市,2010,11,永和,21.17,autumn
臺南市,2010,11,安南,22.69,autumn
嘉義縣,2010,11,朴子,21.88,autumn
新北市,2010,11,汐止,20.92,autumn
南投縣,2010,11,竹山,20.81,autumn
新竹縣,2010,11,竹東,20.72,autumn
臺中市,2010,11,西屯,21.66,autumn
臺中市,2010,11,沙鹿,21.02,autumn
宜蘭縣,2010,11,宜蘭,20.06,autumn
臺中市,2010,11,忠明,22.15,autumn
新北市,2010,11,林口,19.77,autumn
高雄市,2010,11,林園,24.32,autumn
新北市,2010,11,板橋,21.8,autumn
臺北市,2010,11,松山,20.9,autumn
花蓮縣,2010,11,花蓮,22.49,autumn
高雄市,2010,11,前金,23.28,autumn
高雄市,2010,11,前鎮,24.63,autumn
南投縣,2010,11,南投,21.52,autumn
屏東縣,2010,11,屏東,23.84,autumn
屏東縣,2010,11,恆春,23.91,autumn
高雄市,2010,11,美濃,22.56,autumn
苗栗縣,2010,11,苗栗,20.87,autumn
南投縣,2010,11,埔里,20.68,autumn
桃園市,2010,11,桃園,20.53,autumn
基隆市,2010,11,基隆,21.06,autumn
雲林縣,2010,11,崙背,21.52,autumn
高雄市,2010,11,復興,23.65,autumn
新竹縣,2010,11,湖口,20.65,autumn
臺南市,2010,11,善化,22.06,autumn
新北市,2010,11,菜寮,21.8,autumn
臺北市,2010,11,陽明,13.08,autumn
新竹市,2010,11,新竹,21.46,autumn
新北市,2010,11,新店,21.58,autumn
新北市,2010,11,新莊,21.84,autumn
嘉義縣,2010,11,新港,20.97,autumn
臺南市,2010,11,新營,22.15,autumn
高雄市,2010,11,楠梓,22.57,autumn
新北市,2010,11,萬里,21.05,autumn
臺北市,2010,11,萬華,21.36,autumn
嘉義市,2010,11,嘉義,22.07,autumn
彰化縣,2010,11,彰化,21.07,autumn
雲林縣,2010,11,臺西,21.52,autumn
臺東縣,2010,11,臺東,23.1,autumn
臺南市,2010,11,臺南,22.53,autumn
高雄市,2010,11,鳳山,23.53,autumn
屏東縣,2010,11,潮州,23.53,autumn
彰化縣,2010,11,線西,20.61,autumn
高雄市,2010,11,橋頭,23.12,autumn
苗栗縣,2010,11,頭份,21.05,autumn
桃園市,2010,11,龍潭,19.99,autumn
臺中市,2010,11,豐原,20.55,autumn
臺東縣,2010,11,關山,20.86,autumn
桃園市,2010,11,觀音,21.32,autumn
彰化縣,2010,12,二林,17.62,winter
新北市,2010,12,三重,17.59,winter
苗栗縣,2010,12,三義,14.76,winter
新北市,2010,12,土城,17.69,winter
臺北市,2010,12,士林,17.49,winter
臺中市,2010,12,大里,17.05,winter
桃園市,2010,12,大園,17.1,winter
高雄市,2010,12,大寮,20.28,winter
高雄市,2010,12,小港,21.01,winter
臺北市,2010,12,中山,17.95,winter
桃園市,2010,12,中壢,16.59,winter
高雄市,2010,12,仁武,20.21,winter
雲林縣,2010,12,斗六,18.86,winter
宜蘭縣,2010,12,冬山,17.14,winter
臺北市,2010,12,古亭,17.77,winter
高雄市,2010,12,左營,20.29,winter
桃園市,2010,12,平鎮,16.91,winter
新北市,2010,12,永和,17.63,winter
臺南市,2010,12,安南,19.75,winter
嘉義縣,2010,12,朴子,18.73,winter
新北市,2010,12,汐止,17.24,winter
南投縣,2010,12,竹山,17.27,winter
新竹縣,2010,12,竹東,16.56,winter
臺中市,2010,12,西屯,18.26,winter
臺中市,2010,12,沙鹿,17.53,winter
宜蘭縣,2010,12,宜蘭,17.37,winter
臺中市,2010,12,忠明,18.29,winter
新北市,2010,12,林口,16.03,winter
高雄市,2010,12,林園,21.36,winter
新北市,2010,12,板橋,18.16,winter
臺北市,2010,12,松山,17.36,winter
花蓮縣,2010,12,花蓮,19.48,winter
高雄市,2010,12,前金,20.73,winter
高雄市,2010,12,前鎮,21.91,winter
南投縣,2010,12,南投,17.82,winter
屏東縣,2010,12,屏東,20.84,winter
屏東縣,2010,12,恆春,21.3,winter
高雄市,2010,12,美濃,19.31,winter
苗栗縣,2010,12,苗栗,16.85,winter
南投縣,2010,12,埔里,16.87,winter
桃園市,2010,12,桃園,16.65,winter
基隆市,2010,12,基隆,17.07,winter
雲林縣,2010,12,崙背,18.16,winter
高雄市,2010,12,復興,20.86,winter
新竹縣,2010,12,湖口,16.73,winter
臺南市,2010,12,善化,19.38,winter
新北市,2010,12,菜寮,18.1,winter
臺北市,2010,12,陽明,11.06,winter
新竹市,2010,12,新竹,17.3,winter
新北市,2010,12,新店,17.52,winter
新北市,2010,12,新莊,17.83,winter
嘉義縣,2010,12,新港,17.67,winter
臺南市,2010,12,新營,19.12,winter
高雄市,2010,12,楠梓,19.67,winter
新北市,2010,12,萬里,17.03,winter
臺北市,2010,12,萬華,17.75,winter
嘉義市,2010,12,嘉義,19.12,winter
彰化縣,2010,12,彰化,17.42,winter
雲林縣,2010,12,臺西,18.52,winter
臺東縣,2010,12,臺東,20.31,winter
臺南市,2010,12,臺南,19.62,winter
高雄市,2010,12,鳳山,20.64,winter
屏東縣,2010,12,潮州,20.31,winter
彰化縣,2010,12,線西,17.12,winter
高雄市,2010,12,橋頭,20.01,winter
苗栗縣,2010,12,頭份,16.8,winter
桃園市,2010,12,龍潭,16.06,winter
臺中市,2010,12,豐原,17.03,winter
臺東縣,2010,12,關山,17.39,winter
桃園市,2010,12,觀音,17.42,winter
彰化縣,2011,10,二林,24.83,autumn
新北市,2011,10,三重,24.45,autumn
苗栗縣,2011,10,三義,22,autumn
新北市,2011,10,土城,24.53,autumn
臺北市,2011,10,士林,24.62,autumn
臺中市,2011,10,大里,26.02,autumn
桃園市,2011,10,大園,22.54,autumn
高雄市,2011,10,大寮,26.67,autumn
高雄市,2011,10,小港,27.24,autumn
臺北市,2011,10,中山,24.9,autumn
桃園市,2011,10,中壢,23.7,autumn
高雄市,2011,10,仁武,26.69,autumn
雲林縣,2011,10,斗六,25.55,autumn
宜蘭縣,2011,10,冬山,23.38,autumn
臺北市,2011,10,古亭,24.5,autumn
高雄市,2011,10,左營,26.62,autumn
桃園市,2011,10,平鎮,24.01,autumn
新北市,2011,10,永和,24.37,autumn
臺南市,2011,10,安南,26.45,autumn
嘉義縣,2011,10,朴子,25.77,autumn
新北市,2011,10,汐止,24.16,autumn
南投縣,2011,10,竹山,24.69,autumn
新竹縣,2011,10,竹東,24.67,autumn
臺中市,2011,10,西屯,25.46,autumn
臺中市,2011,10,沙鹿,25.05,autumn
宜蘭縣,2011,10,宜蘭,23.52,autumn
臺中市,2011,10,忠明,25.78,autumn
新北市,2011,10,林口,22.97,autumn
高雄市,2011,10,林園,26.68,autumn
新北市,2011,10,板橋,24.44,autumn
臺北市,2011,10,松山,24.01,autumn
花蓮縣,2011,10,花蓮,25.48,autumn
高雄市,2011,10,前金,27.05,autumn
高雄市,2011,10,前鎮,27.34,autumn
南投縣,2011,10,南投,25.61,autumn
屏東縣,2011,10,屏東,27.04,autumn
屏東縣,2011,10,恆春,25.03,autumn
高雄市,2011,10,美濃,27.04,autumn
苗栗縣,2011,10,苗栗,24.83,autumn
南投縣,2011,10,埔里,24.92,autumn
桃園市,2011,10,桃園,24.01,autumn
基隆市,2011,10,基隆,24.05,autumn
雲林縣,2011,10,崙背,24.87,autumn
雲林縣,2011,10,麥寮,28.49,autumn
高雄市,2011,10,復興,26.95,autumn
新竹縣,2011,10,湖口,24.39,autumn
臺南市,2011,10,善化,26.12,autumn
新北市,2011,10,菜寮,24.56,autumn
臺北市,2011,10,陽明,17.64,autumn
新竹市,2011,10,新竹,24.52,autumn
新北市,2011,10,新店,24.06,autumn
新北市,2011,10,新莊,25.1,autumn
嘉義縣,2011,10,新港,24.75,autumn
臺南市,2011,10,新營,25.76,autumn
高雄市,2011,10,楠梓,26.69,autumn
新北市,2011,10,萬里,24.09,autumn
臺北市,2011,10,萬華,25.19,autumn
嘉義市,2011,10,嘉義,26.12,autumn
彰化縣,2011,10,彰化,25.94,autumn
雲林縣,2011,10,臺西,25.06,autumn
臺東縣,2011,10,臺東,25.61,autumn
臺南市,2011,10,臺南,26.45,autumn
高雄市,2011,10,鳳山,27.18,autumn
屏東縣,2011,10,潮州,26.09,autumn
彰化縣,2011,10,線西,24.54,autumn
高雄市,2011,10,橋頭,27.11,autumn
苗栗縣,2011,10,頭份,24.81,autumn
桃園市,2011,10,龍潭,23.32,autumn
臺中市,2011,10,豐原,24.76,autumn
臺東縣,2011,10,關山,23.73,autumn
桃園市,2011,10,觀音,24.52,autumn
彰化縣,2011,11,二林,23.19,autumn
新北市,2011,11,三重,23.22,autumn
苗栗縣,2011,11,三義,20.69,autumn
新北市,2011,11,土城,23.37,autumn
臺北市,2011,11,士林,22.98,autumn
臺中市,2011,11,大里,23.81,autumn
桃園市,2011,11,大園,22.84,autumn
高雄市,2011,11,大寮,24.6,autumn
高雄市,2011,11,小港,25.51,autumn
臺北市,2011,11,中山,23.7,autumn
桃園市,2011,11,中壢,22.32,autumn
高雄市,2011,11,仁武,24.82,autumn
雲林縣,2011,11,斗六,23.76,autumn
宜蘭縣,2011,11,冬山,22.15,autumn
臺北市,2011,11,古亭,23.39,autumn
高雄市,2011,11,左營,24.72,autumn
桃園市,2011,11,平鎮,22.56,autumn
新北市,2011,11,永和,23.27,autumn
臺南市,2011,11,安南,24.31,autumn
嘉義縣,2011,11,朴子,23.77,autumn
新北市,2011,11,汐止,23.01,autumn
南投縣,2011,11,竹山,22.73,autumn
新竹縣,2011,11,竹東,23.63,autumn
臺中市,2011,11,西屯,23.88,autumn
臺中市,2011,11,沙鹿,23.5,autumn
宜蘭縣,2011,11,宜蘭,22.45,autumn
臺中市,2011,11,忠明,23.71,autumn
新北市,2011,11,林口,21.63,autumn
高雄市,2011,11,林園,24.86,autumn
新北市,2011,11,板橋,23.31,autumn
臺北市,2011,11,松山,22.92,autumn
花蓮縣,2011,11,花蓮,23.79,autumn
高雄市,2011,11,前金,25.11,autumn
高雄市,2011,11,前鎮,25.33,autumn
南投縣,2011,11,南投,23.59,autumn
屏東縣,2011,11,屏東,25.04,autumn
屏東縣,2011,11,恆春,24.03,autumn
高雄市,2011,11,美濃,24.79,autumn
苗栗縣,2011,11,苗栗,23.11,autumn
南投縣,2011,11,埔里,22.85,autumn
桃園市,2011,11,桃園,22.61,autumn
基隆市,2011,11,基隆,22.56,autumn
雲林縣,2011,11,崙背,23.41,autumn
雲林縣,2011,11,麥寮,24.94,autumn
高雄市,2011,11,復興,25.18,autumn
新竹縣,2011,11,湖口,22.69,autumn
臺南市,2011,11,善化,24.08,autumn
新北市,2011,11,菜寮,23.24,autumn
臺北市,2011,11,陽明,16.88,autumn
新竹市,2011,11,新竹,22.87,autumn
新北市,2011,11,新店,23.04,autumn
新北市,2011,11,新莊,23.75,autumn
嘉義縣,2011,11,新港,22.95,autumn
臺南市,2011,11,新營,23.98,autumn
高雄市,2011,11,楠梓,24.75,autumn
新北市,2011,11,萬里,22.64,autumn
臺北市,2011,11,萬華,23.5,autumn
嘉義市,2011,11,嘉義,24.13,autumn
彰化縣,2011,11,彰化,23.91,autumn
雲林縣,2011,11,臺西,23.43,autumn
臺東縣,2011,11,臺東,24.03,autumn
臺南市,2011,11,臺南,24.36,autumn
高雄市,2011,11,鳳山,25.07,autumn
屏東縣,2011,11,潮州,24.46,autumn
彰化縣,2011,11,線西,22.92,autumn
高雄市,2011,11,橋頭,25.12,autumn
苗栗縣,2011,11,頭份,23.02,autumn
桃園市,2011,11,龍潭,21.94,autumn
臺中市,2011,11,豐原,22.98,autumn
臺東縣,2011,11,關山,22,autumn
桃園市,2011,11,觀音,22.94,autumn
彰化縣,2011,12,二林,17.65,winter
新北市,2011,12,三重,17.18,winter
苗栗縣,2011,12,三義,14.24,winter
新北市,2011,12,土城,17.16,winter
臺北市,2011,12,士林,16.76,winter
臺中市,2011,12,大里,17.66,winter
桃園市,2011,12,大園,17.04,winter
高雄市,2011,12,大寮,19.8,winter
高雄市,2011,12,小港,20.28,winter
臺北市,2011,12,中山,17.58,winter
桃園市,2011,12,中壢,15.98,winter
高雄市,2011,12,仁武,19.28,winter
雲林縣,2011,12,斗六,18.24,winter
宜蘭縣,2011,12,冬山,16.95,winter
臺北市,2011,12,古亭,17.21,winter
高雄市,2011,12,左營,19.23,winter
桃園市,2011,12,平鎮,16.15,winter
新北市,2011,12,永和,17.19,winter
臺南市,2011,12,安南,18.69,winter
嘉義縣,2011,12,朴子,18.71,winter
新北市,2011,12,汐止,16.68,winter
南投縣,2011,12,竹山,17.07,winter
新竹縣,2011,12,竹東,17.18,winter
臺中市,2011,12,西屯,18.05,winter
臺中市,2011,12,沙鹿,17.51,winter
宜蘭縣,2011,12,宜蘭,16.32,winter
臺中市,2011,12,忠明,17.6,winter
新北市,2011,12,林口,15.23,winter
高雄市,2011,12,林園,19.98,winter
新北市,2011,12,板橋,17.1,winter
臺北市,2011,12,松山,16.79,winter
花蓮縣,2011,12,花蓮,19.63,winter
高雄市,2011,12,前金,19.62,winter
高雄市,2011,12,前鎮,20.19,winter
南投縣,2011,12,南投,17.88,winter
屏東縣,2011,12,屏東,19.98,winter
屏東縣,2011,12,恆春,20.27,winter
高雄市,2011,12,美濃,19.77,winter
苗栗縣,2011,12,苗栗,16.99,winter
南投縣,2011,12,埔里,18.11,winter
桃園市,2011,12,桃園,16.09,winter
基隆市,2011,12,基隆,16.83,winter
雲林縣,2011,12,崙背,17.89,winter
雲林縣,2011,12,麥寮,19.3,winter
高雄市,2011,12,復興,19.85,winter
新竹縣,2011,12,湖口,16.4,winter
臺南市,2011,12,善化,18.67,winter
新北市,2011,12,菜寮,17.19,winter
臺北市,2011,12,陽明,11.23,winter
新竹市,2011,12,新竹,16.7,winter
新北市,2011,12,新店,16.85,winter
新北市,2011,12,新莊,17.26,winter
嘉義縣,2011,12,新港,17.47,winter
臺南市,2011,12,新營,18.73,winter
高雄市,2011,12,楠梓,19.25,winter
新北市,2011,12,萬里,17.45,winter
臺北市,2011,12,萬華,17.42,winter
嘉義市,2011,12,嘉義,18.49,winter
彰化縣,2011,12,彰化,17.74,winter
雲林縣,2011,12,臺西,18.12,winter
臺東縣,2011,12,臺東,20.1,winter
臺南市,2011,12,臺南,18.84,winter
高雄市,2011,12,鳳山,19.7,winter
屏東縣,2011,12,潮州,19.76,winter
彰化縣,2011,12,線西,17.52,winter
高雄市,2011,12,橋頭,19.69,winter
苗栗縣,2011,12,頭份,16.94,winter
桃園市,2011,12,龍潭,15.56,winter
臺中市,2011,12,豐原,16.58,winter
臺東縣,2011,12,關山,17.67,winter
桃園市,2011,12,觀音,17.28,winter